bank_name,gvkey,iid,datadate,fyear,at,ch,ivst,ist,tdst,lcuacu,lcabg,rcl,teq,seq,ceq,intan,pstk,nicon,npat,total_assets,liquid_assets,gross_loans,loan_loss_allowances,total_equity,shareholder_equity,common_equity,intangible_assets,preferred_equity,net_income,nonperforming_assets,first_trading_date,first_trading_year,market_age
ABN AMRO Bank NV,320764,90W,20211231,2021,399113.0000,67596.0000,10597.0000,43165.0000,4786.0000,257260.0000,8756.0000,2425.0000,21999.0000,21994.0000,21994.0000,127.0000,,1231.00000,6705.0000,399113,126144,266016,2425,21999,21994,21994,127,,1231,6705,1984-01-02,1984,37
ABN AMRO Bank NV,320764,90W,20221231,2022,379581.0000,62601.0000,14263.0000,39034.0000,6168.0000,242564.0000,8330.0000,2033.0000,22814.0000,22812.0000,22812.0000,108.0000,,1776.00000,5179.0000,379581,122066,250894,2033,22814,22812,22812,108,,1776,5179,1984-01-02,1984,38
ABN AMRO Bank NV,320764,90W,20231231,2023,377909.0000,55053.0000,15016.0000,41501.0000,6475.0000,243713.0000,8935.0000,1605.0000,24168.0000,24165.0000,24165.0000,99.0000,,,4711.0000,377909,118045,252648,1605,24168,24165,24165,99,,,4711,1984-01-02,1984,39
ABN AMRO Bank NV,320764,90W,20241231,2024,385047.0000,45629.0000,20255.0000,47173.0000,7213.0000,247264.0000,8772.0000,1369.0000,26108.0000,26105.0000,26105.0000,253.0000,,,5262.0000,385047,120270,256036,1369,26108,26105,26105,253,,,5262,1984-01-02,1984,40
ABN AMRO Bank NV,320764,90W,20251231,2025,413210.0000,50618.0000,30013.0000,50231.0000,6436.0000,252230.0000,14269.0000,1225.0000,27043.0000,27040.0000,27040.0000,356.0000,,,5420.0000,413210,137298,266499,1225,27043,27040,27040,356,,,5420,1984-01-02,1984,41
AIB Group PLC,015505,01W,20211231,2021,127875.0000,43192.0000,1828.0000,16972.0000,852.0000,55970.0000,958.0000,1885.0000,13660.0000,13661.0000,13661.0000,996.0000,,582.00000,3148.0000,127875,62844,56928,1885,13660,13661,13661,996,,582,3148,1984-01-02,1984,37
AIB Group PLC,015505,01W,20221231,2022,129752.0000,39050.0000,3183.0000,16270.0000,2519.0000,58701.0000,1236.0000,1618.0000,12261.0000,12264.0000,12264.0000,940.0000,,702.00000,2171.0000,129752,61022,59937,1618,12261,12264,12264,940,,702,2171,1984-01-02,1984,38
AIB Group PLC,015505,01W,20231231,2023,136349.0000,38777.0000,4063.0000,17353.0000,2470.0000,64731.0000,1066.0000,1520.0000,15069.0000,15075.0000,15075.0000,925.0000,,1996.00000,1981.0000,136349,62663,65797,1520,15069,15075,15075,925,,1996,1981,1984-01-02,1984,39
AIB Group PLC,015505,01W,20241231,2024,141266.0000,38080.0000,3802.0000,18773.0000,2280.0000,68877.0000,1321.0000,1344.0000,15427.0000,15436.0000,15436.0000,934.0000,,2274.00000,2003.0000,141266,62935,70198,1344,15427,15436,15436,934,,2274,2003,1984-01-02,1984,40
AIB Group PLC,015505,01W,20251231,2025,148151.0000,40641.0000,4688.0000,21548.0000,1927.0000,70894.0000,601.0000,1143.0000,14691.0000,14702.0000,14702.0000,987.0000,,2056.00000,1593.0000,148151,68804,71495,1143,14691,14702,14702,987,,2056,1593,1984-01-02,1984,41
BNP Paribas SA,015532,04W,20211231,2021,2634444.0000,358039.0000,241310.0000,429989.0000,443059.0000,803503.0000,21751.0000,20028.0000,122507.0000,117886.0000,117886.0000,8780.0000,,8332.00000,27819.0000,2634444,1472397,825254,20028,122507,117886,117886,8780,,8332,27819,1984-01-02,1984,37
BNP Paribas SA,015532,04W,20221231,2022,2666376.0000,330487.0000,181328.0000,393989.0000,515259.0000,844300.0000,32616.0000,17298.0000,126555.0000,121792.0000,121792.0000,9084.0000,,8935.00000,25276.0000,2666376,1421063,876916,17298,126555,121792,121792,9084,,8935,25276,1984-01-02,1984,38
BNP Paribas SA,015532,04W,20231231,2023,2591499.0000,296611.0000,216758.0000,430283.0000,525945.0000,850349.0000,24335.0000,17611.0000,128867.0000,123742.0000,123742.0000,9691.0000,,7351.00000,25308.0000,2591499,1469597,874684,17611,128867,123742,123742,9691,,7351,25308,1984-01-02,1984,39
BNP Paribas SA,015532,04W,20241231,2024,2704908.0000,191978.0000,212787.0000,507613.0000,614709.0000,890170.0000,31147.0000,16993.0000,134141.0000,128137.0000,128137.0000,9942.0000,,10843.00000,25824.0000,2704908,1527087,921317,16993,134141,128137,128137,9942,,10843,25824,1984-01-02,1984,40
BNP Paribas SA,015532,04W,20251231,2025,2792981.0000,221788.0000,241217.0000,539818.0000,617008.0000,885678.0000,26259.0000,16070.0000,132173.0000,125513.0000,125513.0000,11716.0000,,11520.00000,26253.0000,2792981,1619831,911937,16070,132173,125513,125513,11716,,11520,26253,1984-01-02,1984,41
BPER Banca SpA,200647,01W,20211231,2021,136347.8730,1306.2820,20848.6020,13287.0570,677.9000,87357.6030,7293.0850,2111.4800,6858.8090,6696.3120,6696.3120,459.1970,,525.12300,,136347.873,36119.841,94650.688,2111.48,6858.809,6696.312,6696.312,459.197,,525.123,,1984-01-02,1984,37
BPER Banca SpA,200647,01W,20221231,2022,152302.7940,13997.4410,1945.0790,15336.8750,2860.2590,98545.7450,8223.6080,1883.6940,8120.5290,7940.1730,7940.1730,563.5020,,1448.97500,,152302.794,34139.654,106769.353,1883.694,8120.529,7940.173,7940.173,563.502,,1448.975,,1984-01-02,1984,38
BPER Banca SpA,200647,01W,20231231,2023,142128.3590,10085.5950,1416.0250,14354.6820,2092.3550,91040.5530,11011.8640,1523.4960,9565.4770,9366.1490,9366.1490,648.9810,,1519.49600,,142128.359,27948.657,102052.417,1523.496,9565.477,9366.149,9366.149,648.981,,1519.496,,1984-01-02,1984,39
BPER Banca SpA,200647,01W,20241231,2024,140591.4320,7887.9000,1392.9360,12812.8760,1439.8530,98339.3030,7681.2310,1633.6990,11564.2800,11353.8670,11353.8670,710.7630,,1402.64900,,140591.432,23533.565,106020.534,1633.699,11564.28,11353.867,11353.867,710.763,,1402.649,,1984-01-02,1984,40
BPER Banca SpA,200647,01W,20251231,2025,204649.9600,11681.1920,,9430.1100,1715.9240,159215.1050,8324.0170,,17595.4990,16565.0450,16565.0450,1608.2390,,1818.44700,1300.0000,204649.96,22827.226,167539.122,,17595.499,16565.045,16565.045,1608.239,,1818.447,1300,1984-01-02,1984,41
Banca Monte dei Paschi di Siena SpA,024584,01W,20211231,2021,137868.5620,1741.7660,26724.5940,7620.0050,9948.4250,79501.9510,4259.6520,2384.8700,6173.9980,6172.6520,6172.6520,185.2290,,309.50700,4051.4860,137868.562,46034.79,83761.603,2384.87,6173.998,6172.652,6172.652,185.229,,309.507,4051.486,1984-01-02,1984,37
Banca Monte dei Paschi di Siena SpA,024584,01W,20221231,2022,120172.9180,12538.5780,4648.6640,6032.7990,6610.2860,80407.0210,2731.5080,2018.5340,7798.5440,7797.6080,7797.6080,162.6490,,-204.70000,3285.9240,120172.918,29830.327,83138.529,2018.534,7798.544,7797.608,7797.608,162.649,,-204.7,3285.924,1984-01-02,1984,38
Banca Monte dei Paschi di Siena SpA,024584,01W,20231231,2023,122613.6910,14317.2770,7804.4620,4131.3410,6149.0300,78768.8900,3289.1460,2191.6000,9979.1090,9978.4580,9978.4580,178.2240,,2051.78100,3473.2820,122613.691,32402.11,82058.036,2191.6,9979.109,9978.458,9978.458,178.224,,2051.781,3473.282,1984-01-02,1984,39
Banca Monte dei Paschi di Siena SpA,024584,01W,20241231,2024,122601.7500,13249.3980,8490.2340,4060.0240,5902.7100,78467.2540,2830.8630,2183.4090,11649.2840,11648.9480,11648.9480,156.0660,,1972.80400,,122601.75,31702.366,81298.117,2183.409,11649.284,11648.948,11648.948,156.066,,1972.804,,1984-01-02,1984,40
Banca Monte dei Paschi di Siena SpA,024584,01W,20251231,2025,241640.5000,15472.1000,,54372.0000,6059.6000,142842.3000,8214.5000,,30209.7000,27961.2000,27961.2000,2961.3000,,2715.70000,4200.0000,241640.5,75903.7,151056.8,,30209.7,27961.2,27961.2,2961.3,,2715.7,4200,1984-01-02,1984,41
Banco BPM SpA,225081,01W,20211231,2021,200489.2160,29159.3530,14143.8070,13050.6500,4987.6020,112634.4790,12773.9900,3574.6580,13096.0590,13094.9510,13094.9510,1213.7220,,569.06800,6376.1780,200489.216,61341.412,125408.469,3574.658,13096.059,13094.951,13094.951,1213.722,,569.068,6376.178,1984-01-02,1984,37
Banco BPM SpA,225081,01W,20221231,2022,189685.8950,13137.9180,4087.1960,18053.2390,6252.0920,128245.9950,5492.2380,2867.5390,17184.6950,17183.9750,17183.9750,1286.7340,,702.58900,,189685.895,41530.445,133738.233,2867.539,17184.695,17183.975,17183.975,1286.734,,702.589,,1984-01-02,1984,38
Banco BPM SpA,225081,01W,20231231,2023,202131.9730,18302.5940,6840.0540,29405.1290,5737.5710,118361.8390,8203.6440,2348.7870,14038.1600,14038.0920,14038.0920,1257.4250,,1260.45300,,202131.973,60285.348,126565.483,2348.787,14038.16,14038.092,14038.092,1257.425,,1260.453,,1984-01-02,1984,39
Banco BPM SpA,225081,01W,20241231,2024,198209.0870,12131.1660,4333.9370,34197.0420,7044.1590,118327.2770,7173.5730,1731.6830,14604.0120,14603.9430,14603.9430,1256.6120,,1915.39300,2832.6690,198209.087,57706.304,125500.85,1731.683,14604.012,14603.943,14603.943,1256.612,,1915.393,2832.669,1984-01-02,1984,40
Banco BPM SpA,225081,01W,20251231,2025,205896.3070,5612.9680,6471.5420,38962.3960,12461.5650,118790.6220,8353.4580,1662.8650,15585.1630,15504.6760,15504.6760,3214.1150,,2081.98700,,205896.307,63508.471,127144.08,1662.865,15585.163,15504.676,15504.676,3214.115,,2081.987,,1984-01-02,1984,41
Banco Bilbao Vizcaya Argentaria SA,015181,03W,20211231,2021,662885.0000,6877.0000,63733.0000,101698.0000,125303.0000,316810.0000,18957.0000,11116.0000,48760.0000,43907.0000,43907.0000,2197.0000,,4014.00000,15225.0000,662885,297611,335767,11116,48760,43907,43907,2197,,4014,15225,1984-01-02,1984,37
Banco Bilbao Vizcaya Argentaria SA,015181,03W,20221231,2022,713140.0000,6533.0000,67314.0000,110112.0000,112415.0000,358296.0000,20432.0000,,50617.0000,46993.0000,46993.0000,2156.0000,,6420.00000,13506.0000,713140,296374,378728,,50617,46993,46993,2156,,6420,13506,1984-01-02,1984,38
Banco Bilbao Vizcaya Argentaria SA,015181,03W,20231231,2023,775558.0000,7750.0000,73544.0000,121044.0000,142426.0000,372081.0000,24628.0000,11269.0000,55265.0000,51701.0000,51701.0000,2363.0000,,7674.00000,15389.0000,775558,344764,396709,11269,55265,51701,51701,2363,,7674,15389,1984-01-02,1984,39
Banco Bilbao Vizcaya Argentaria SA,015181,03W,20241231,2024,772402.0000,15838.0000,44726.0000,129016.0000,110041.0000,403441.0000,30910.0000,11611.0000,60013.0000,55654.0000,55654.0000,2490.0000,,9666.00000,15060.0000,772402,299621,434351,11611,60013,55654,55654,2490,,9666,15060,1984-01-02,1984,40
Banco Bilbao Vizcaya Argentaria SA,015181,03W,20251231,2025,859576.0000,15981.0000,51719.0000,143477.0000,123668.0000,452527.0000,35113.0000,12297.0000,61796.0000,57355.0000,57355.0000,2855.0000,,10114.00000,15089.0000,859576,334845,487640,12297,61796,57355,57355,2855,,10114,15089,1984-01-02,1984,41
Banco Santander SA,014140,01W,20211231,2021,1595835.0000,210689.0000,33264.0000,144135.0000,135565.0000,921763.0000,54826.0000,22964.0000,97053.0000,86930.0000,86930.0000,16584.0000,,7558.00000,36885.0000,1595835,523653,976589,22964,97053,86930,86930,16584,,7558,36885,1984-01-02,1984,37
Banco Santander SA,014140,01W,20221231,2022,1734659.0000,223073.0000,39500.0000,158833.0000,166885.0000,980312.0000,61893.0000,22684.0000,97585.0000,89104.0000,89104.0000,18645.0000,,9076.00000,37774.0000,1734659,588291,1042205,22684,97585,89104,89104,18645,,9076,37774,1984-01-02,1984,38
Banco Santander SA,014140,01W,20231231,2023,1797062.0000,220342.0000,44184.0000,187890.0000,188108.0000,973643.0000,77999.0000,22788.0000,104241.0000,95423.0000,95423.0000,19871.0000,,10584.00000,,1797062,640524,1051642,22788,104241,95423,95423,19871,,10584,,1984-01-02,1984,39
Banco Santander SA,014140,01W,20241231,2024,1837081.0000,192208.0000,,208727.0000,240239.0000,1022189.0000,71716.0000,22125.0000,107327.0000,98601.0000,98601.0000,19259.0000,,11954.00000,37886.0000,1837081,641174,1093905,22125,107327,98601,98601,19259,,11954,37886,1984-01-02,1984,40
Banco Santander SA,014140,01W,20251231,2025,1867515.0000,152281.0000,,211255.0000,261451.0000,999202.0000,77499.0000,21158.0000,112748.0000,103170.0000,103170.0000,17308.0000,,11937.00000,36880.0000,1867515,624987,1076701,21158,112748,103170,103170,17308,,11937,36880,1984-01-02,1984,41
Banco de Sabadell SA,245436,01W,20211231,2021,251946.5910,1472.1750,47741.0210,22139.4080,2493.0480,157308.2850,6312.8200,3302.0330,12996.2810,12971.3010,12971.3010,2581.4210,,429.64500,6271.2480,251946.591,73845.652,163621.105,3302.033,12996.281,12971.301,12971.301,2581.421,,429.645,6271.248,1984-01-02,1984,37
Banco de Sabadell SA,245436,01W,20221231,2022,251379.5280,2023.6150,39236.7800,27332.5050,5543.7370,158678.0740,4862.9510,3020.2790,13224.4210,13190.0770,13190.0770,2484.1620,,748.26800,5968.2640,251379.528,74136.637,163541.025,3020.279,13224.421,13190.077,13190.077,2484.162,,748.268,5968.264,1984-01-02,1984,38
Banco de Sabadell SA,245436,01W,20231231,2023,235172.9550,1419.1590,28584.1070,27923.4020,4563.4790,152171.0540,7152.4670,3198.9690,13879.2060,13844.9930,13844.9930,2483.0740,,1216.79000,5910.7480,235172.955,62490.147,159323.521,3198.969,13879.206,13844.993,13844.993,2483.074,,1216.79,5910.748,1984-01-02,1984,39
Banco de Sabadell SA,245436,01W,20241231,2024,239597.9270,1276.5260,28353.4300,31414.3060,5421.5110,147531.4290,12771.6850,2847.5120,15032.5550,14998.1390,14998.1390,2549.4580,,1728.65000,4970.7620,239597.927,66465.773,160303.114,2847.512,15032.555,14998.139,14998.139,2549.458,,1728.65,4970.762,1984-01-02,1984,40
Banco de Sabadell SA,245436,01W,20251231,2025,245392.3940,1371.1610,22227.9780,33079.6780,3555.5940,109479.4970,11927.5370,2355.1290,14081.6990,14047.0960,14047.0960,2493.3590,,1246.69200,3688.9480,245392.394,60234.411,121407.034,2355.129,14081.699,14047.096,14047.096,2493.359,,1246.692,3688.948,1984-01-02,1984,41
Bank of Ireland Group PLC,063590,01W,20211231,2021,155268.0000,30904.0000,2890.0000,30831.0000,1871.0000,74858.0000,1488.0000,1958.0000,11338.0000,11270.0000,11270.0000,852.0000,,980.00000,4325.0000,155268,66496,76346,1958,11338,11270,11270,852,,980,4325,1984-01-02,1984,37
Bank of Ireland Group PLC,063590,01W,20221231,2022,151324.0000,36150.0000,3568.0000,27279.0000,4547.0000,69993.0000,1968.0000,1295.0000,11932.0000,11865.0000,11865.0000,1276.0000,,820.00000,2620.0000,151324,71544,71961,1295,11932,11865,11865,1276,,820,2620,1984-01-02,1984,38
Bank of Ireland Group PLC,063590,01W,20231231,2023,155708.0000,31487.0000,2140.0000,30582.0000,4389.0000,78855.0000,874.0000,1222.0000,12561.0000,12558.0000,12558.0000,1408.0000,,1486.00000,2526.0000,155708,68598,79729,1222,12561,12558,12558,1408,,1486,2526,1984-01-02,1984,39
Bank of Ireland Group PLC,063590,01W,20241231,2024,161813.0000,31503.0000,2591.0000,33771.0000,3816.0000,81800.0000,738.0000,1028.0000,13009.0000,13006.0000,13006.0000,1500.0000,,1453.00000,1876.0000,161813,71681,82538,1028,13009,13006,13006,1500,,1453,1876,1984-01-02,1984,40
Bank of Ireland Group PLC,063590,01W,20251231,2025,164799.0000,21332.0000,3179.0000,46948.0000,3101.0000,81746.0000,732.0000,1149.0000,12920.0000,12917.0000,12917.0000,1594.0000,,1115.00000,1849.0000,164799,74560,82478,1149,12920,12917,12917,1594,,1115,1849,1984-01-02,1984,41
Barclays PLC,012673,01W,20211231,2021,1384285.0000,240312.0000,245533.0000,70044.0000,448274.0000,345265.0000,9698.0000,5742.0000,70211.0000,69222.0000,69222.0000,8061.0000,,6375.00000,7235.0000,1384285,1004163,354963,5742,70211,69222,69222,8061,,6375,7235,1984-01-02,1984,37
Barclays PLC,012673,01W,20221231,2022,1513699.0000,259325.0000,281511.0000,74520.0000,475622.0000,382333.0000,10015.0000,5592.0000,69260.0000,68292.0000,68292.0000,8239.0000,,5023.00000,7086.0000,1513699,1090978,392348,5592,69260,68292,68292,8239,,5023,7086,1984-01-02,1984,38
Barclays PLC,012673,01W,20231231,2023,1477487.0000,227515.0000,264372.0000,138466.0000,479080.0000,326649.0000,9459.0000,5721.0000,71864.0000,71204.0000,71204.0000,7794.0000,,4274.00000,7191.0000,1477487,1109433,336108,5721,71864,71204,71204,7794,,4274,7191,1984-01-02,1984,39
Barclays PLC,012673,01W,20241231,2024,1518202.0000,214469.0000,269295.0000,153162.0000,505051.0000,330716.0000,8327.0000,5070.0000,72481.0000,71821.0000,71821.0000,8275.0000,,5316.00000,7416.0000,1518202,1141977,339043,5070,72481,71821,71821,8275,,5316,7416,1984-01-02,1984,40
Barclays PLC,012673,01W,20251231,2025,1544165.0000,234099.0000,283649.0000,149566.0000,490192.0000,345531.0000,8638.0000,5289.0000,78236.0000,77784.0000,77784.0000,8284.0000,,6175.00000,7569.0000,1544165,1157506,354169,5289,78236,77784,77784,8284,,6175,7569,1984-01-02,1984,41
Bayerische Landesbank,024562,,20211231,2021,266554.0000,723.0000,16819.0000,19915.0000,9620.0000,157871.0000,56266.0000,1117.0000,12308.0000,12297.0000,12297.0000,170.0000,,,1492.0000,266554,47077,214137,1117,12308,12297,12297,170,,,1492,,,
Bayerische Landesbank,024562,,20221231,2022,259343.0000,640.0000,1511.0000,17876.0000,7100.0000,164738.0000,61438.0000,1201.0000,13540.0000,13529.0000,13529.0000,214.0000,,,1603.0000,259343,27127,226176,1201,13540,13529,13529,214,,,1603,,,
Bayerische Landesbank,024562,,20231231,2023,273364.0000,708.0000,1150.0000,17914.0000,9213.0000,169807.0000,69312.0000,1262.0000,14633.0000,14621.0000,14621.0000,266.0000,,,2789.0000,273364,28985,239119,1262,14633,14621,14621,266,,,2789,,,
Bayerische Landesbank,024562,,20241231,2024,267747.0000,764.0000,1537.0000,16873.0000,10986.0000,180211.0000,52182.0000,1539.0000,15493.0000,15493.0000,15493.0000,300.0000,,,3067.0000,267747,30160,232393,1539,15493,15493,15493,300,,,3067,,,
CaixaBank SA,286879,01W,20211231,2021,680036.0000,4642.0000,99574.0000,84779.0000,12914.0000,344116.0000,7869.0000,8260.0000,35425.0000,35394.0000,35394.0000,4933.0000,,4980.00000,13994.0000,680036,201909,351985,8260,35425,35394,35394,4933,,4980,13994,1984-01-02,1984,37
CaixaBank SA,286879,01W,20221231,2022,592234.0000,4138.0000,16384.0000,90808.0000,7278.0000,352098.0000,12187.0000,7401.0000,34262.0000,34230.0000,34230.0000,5219.0000,,2882.00000,10863.0000,592234,118608,364285,7401,34262,34230,34230,5219,,2882,10863,1984-01-02,1984,38
CaixaBank SA,286879,01W,20231231,2023,607167.0000,4157.0000,33704.0000,168131.0000,7963.0000,342929.0000,11882.0000,7330.0000,36339.0000,36307.0000,36307.0000,4987.0000,,4537.00000,10670.0000,607167,213955,354811,7330,36339,36307,36307,4987,,4537,10670,1984-01-02,1984,39
CaixaBank SA,286879,01W,20241231,2024,631003.0000,3849.0000,45955.0000,172554.0000,6140.0000,350227.0000,14950.0000,6686.0000,36866.0000,36832.0000,36832.0000,5073.0000,,5519.00000,10259.0000,631003,228498,365177,6686,36866,36832,36832,5073,,5519,10259,1984-01-02,1984,40
CaixaBank SA,286879,01W,20251231,2025,664040.0000,3688.0000,52765.0000,187124.0000,7007.0000,364703.0000,14844.0000,6324.0000,38526.0000,38510.0000,38510.0000,5269.0000,,5611.00000,8490.0000,664040,250584,379547,6324,38526,38510,38510,5269,,5611,8490,1984-01-02,1984,41
Commerzbank AG,015575,01W,20211231,2021,473044.0000,9707.0000,39800.0000,78520.0000,68955.0000,235330.0000,30067.0000,2829.0000,29826.0000,28851.0000,28851.0000,1243.0000,,290.00000,4152.0000,473044,196982,265397,2829,29826,28851,28851,1243,,290,4152,1984-01-02,1984,37
Commerzbank AG,015575,01W,20221231,2022,477438.0000,58107.0000,17126.0000,66717.0000,57937.0000,239217.0000,28487.0000,3043.0000,30904.0000,30016.0000,30016.0000,1289.0000,,1245.00000,5601.0000,477438,199887,267704,3043,30904,30016,30016,1289,,1245,5601,1984-01-02,1984,38
Commerzbank AG,015575,01W,20231231,2023,517166.0000,65821.0000,27305.0000,74156.0000,71393.0000,238597.0000,30571.0000,3872.0000,33008.0000,31992.0000,31992.0000,1394.0000,,2030.00000,4730.0000,517166,238675,269168,3872,33008,31992,31992,1394,,2030,4730,1984-01-02,1984,39
Commerzbank AG,015575,01W,20241231,2024,554646.0000,45889.0000,27112.0000,93242.0000,99641.0000,243889.0000,35292.0000,3795.0000,35717.0000,34468.0000,34468.0000,1785.0000,,2465.00000,5404.0000,554646,265884,279181,3795,35717,34468,34468,1785,,2465,5404,1984-01-02,1984,40
Commerzbank AG,015575,01W,20251231,2025,,,,,,,,,35771.0000,35771.0000,35771.0000,,,2625.00000,,,,,,35771,35771,35771,,,2625,,1984-01-02,1984,41
Credit Agricole Group,024563,02W,20211231,2021,2073955.0000,1737.0000,758490.0000,529507.0000,144789.0000,50187.0000,501347.0000,9309.0000,76916.0000,68217.0000,68217.0000,18895.0000,,5486.00000,12337.0000,2073955,1434523,551534,9309,76916,68217,68217,18895,,5486,12337,1984-01-02,1984,37
Credit Agricole Group,024563,02W,20221231,2022,2167621.0000,1580.0000,774152.0000,474219.0000,187958.0000,39898.0000,552581.0000,9783.0000,73480.0000,64633.0000,64633.0000,18886.0000,,4909.00000,13830.0000,2167621,1437909,592479,9783,73480,64633,64633,18886,,4909,13830,1984-01-02,1984,38
Credit Agricole Group,024563,02W,20231231,2023,2189398.0000,1519.0000,754430.0000,514900.0000,175300.0000,80523.0000,554928.0000,9998.0000,79919.0000,71086.0000,71086.0000,19071.0000,,5893.00000,14002.0000,2189398,1446149,635451,9998,79919,71086,71086,19071,,5893,14002,1984-01-02,1984,39
Credit Agricole Group,024563,02W,20241231,2024,2309782.0000,1587.0000,750618.0000,539854.0000,242464.0000,108359.0000,565403.0000,10076.0000,83311.0000,74710.0000,74710.0000,19675.0000,,6358.00000,13404.0000,2309782,1534523,673762,10076,83311,74710,74710,19675,,6358,13404,1984-01-02,1984,40
Credit Agricole Group,024563,02W,20251231,2025,2374307.0000,1533.0000,760405.0000,571046.0000,254195.0000,118785.0000,570119.0000,10001.0000,85864.0000,77662.0000,77662.0000,19821.0000,,6598.00000,13842.0000,2374307,1587179,688904,10001,85864,77662,77662,19821,,6598,13842,1984-01-02,1984,41
DNB Bank ASA,015538,03W,20211231,2021,2919244.0000,307735.0000,54779.0000,460564.0000,135400.0000,1645184.0000,44959.0000,9982.0000,243911.0000,243645.0000,243645.0000,5804.0000,,24257.00000,30557.0000,2919244,958478,1690143,9982,243911,243645,243645,5804,,24257,30557,1984-01-02,1984,37
DNB Bank ASA,015538,03W,20221231,2022,3233405.0000,317123.0000,56872.0000,532599.0000,185687.0000,1884034.0000,20558.0000,7974.0000,249840.0000,249613.0000,249613.0000,10273.0000,,32317.00000,27568.0000,3233405,1092281,1904592,7974,249840,249613,249613,10273,,32317,27568,1984-01-02,1984,38
DNB Bank ASA,015538,03W,20231231,2023,3439724.0000,335580.0000,66698.0000,593442.0000,178263.0000,1836406.0000,94259.0000,7775.0000,269296.0000,269128.0000,269128.0000,10456.0000,,38315.00000,26351.0000,3439724,1173983,1930665,7775,269296,269128,269128,10456,,38315,26351,1984-01-02,1984,39
DZ Bank AG,267620,01W,20211231,2021,627273.0000,82160.0000,15025.0000,153443.0000,48829.0000,183312.0000,107659.0000,1932.0000,28660.0000,26859.0000,26859.0000,677.0000,,1996.00000,3400.0000,627273,299457,290971,1932,28660,26859,26859,677,,1996,3400,1984-01-02,1984,37
DZ Bank AG,267620,01W,20221231,2022,627041.0000,89558.0000,24137.0000,121448.0000,46582.0000,185747.0000,123444.0000,2008.0000,23076.0000,21967.0000,21967.0000,664.0000,,1031.00000,3100.0000,627041,281725,309191,2008,23076,21967,21967,664,,1031,3100,1984-01-02,1984,38
DZ Bank AG,267620,01W,20231231,2023,644589.0000,97696.0000,21981.0000,130867.0000,33654.0000,190657.0000,128867.0000,2239.0000,31068.0000,29105.0000,29105.0000,592.0000,,2130.00000,3800.0000,644589,284198,319524,2239,31068,29105,29105,592,,2130,3800,1984-01-02,1984,39
DZ Bank AG,267620,01W,20241231,2024,659638.0000,77583.0000,34331.0000,147172.0000,29987.0000,182467.0000,143532.0000,2839.0000,32577.0000,30541.0000,30541.0000,595.0000,,2221.00000,5500.0000,659638,289073,325999,2839,32577,30541,30541,595,,2221,5500,1984-01-02,1984,40
Danske Bank A/S,015552,01W,20211231,2021,3935834.0000,76376.0000,502841.0000,303777.0000,509590.0000,1769066.0000,71156.0000,20381.0000,176704.0000,171207.0000,171207.0000,8819.0000,,12469.00000,28458.0000,3935834,1392584,1840222,20381,176704,171207,171207,8819,,12469,28458,1984-01-02,1984,37
Danske Bank A/S,015552,01W,20221231,2022,3762999.0000,64109.0000,378795.0000,302958.0000,638799.0000,1744311.0000,60811.0000,16971.0000,160318.0000,160318.0000,160318.0000,6802.0000,,-5154.00000,32230.0000,3762999,1384661,1805122,16971,160318,160318,160318,6802,,-5154,32230,1984-01-02,1984,38
Danske Bank A/S,015552,01W,20231231,2023,3770981.0000,112872.0000,429463.0000,283914.0000,548189.0000,1665743.0000,114813.0000,16964.0000,175739.0000,175739.0000,175739.0000,6064.0000,,21262.00000,32703.0000,3770981,1374438,1780556,16964,175739,175739,175739,6064,,21262,32703,1984-01-02,1984,39
Danske Bank A/S,015552,01W,20241231,2024,3716042.0000,141509.0000,422594.0000,269118.0000,531831.0000,1531110.0000,143569.0000,16995.0000,175687.0000,175687.0000,175687.0000,6737.0000,,23629.00000,28538.0000,3716042,1365052,1674679,16995,175687,175687,175687,6737,,23629,28538,1984-01-02,1984,40
Danske Bank A/S,015552,01W,20251231,2025,3753911.0000,120183.0000,455239.0000,296738.0000,444980.0000,1641518.0000,116592.0000,16820.0000,181162.0000,181162.0000,181162.0000,7872.0000,,23037.00000,27366.0000,3753911,1317140,1758110,16820,181162,181162,181162,7872,,23037,27366,1984-01-02,1984,41
Deutsche Bank AG,015576,01W,20211231,2021,1323993.0000,179946.0000,88947.0000,47962.0000,406638.0000,472214.0000,,4779.0000,68031.0000,66333.0000,66333.0000,6824.0000,,2002.00000,11992.0000,1323993,723493,472214,4779,68031,66333,66333,6824,,2002,11992,1984-01-02,1984,37
Deutsche Bank AG,015576,01W,20221231,2022,1336788.0000,165625.0000,97955.0000,58298.0000,396790.0000,477589.0000,7148.0000,4848.0000,72328.0000,70537.0000,70537.0000,7092.0000,,5046.00000,11775.0000,1336788,718668,484737,4848,72328,70537,70537,7092,,5046,11775,1984-01-02,1984,38
Deutsche Bank AG,015576,01W,20231231,2023,1317266.0000,163768.0000,103255.0000,58989.0000,382094.0000,474963.0000,5202.0000,5208.0000,76331.0000,74568.0000,74568.0000,7327.0000,,5834.00000,13412.0000,1317266,708106,480165,5208,76331,74568,74568,7327,,5834,13412,1984-01-02,1984,39
Deutsche Bank AG,015576,01W,20241231,2024,1391033.0000,130666.0000,155313.0000,68668.0000,431572.0000,477475.0000,8376.0000,5697.0000,81865.0000,80259.0000,80259.0000,7749.0000,,3768.00000,15600.0000,1391033,786219,485851,5697,81865,80259,80259,7749,,3768,15600,1984-01-02,1984,40
Deutsche Bank AG,015576,01W,20251231,2025,1439873.0000,138277.0000,167783.0000,87169.0000,395465.0000,480054.0000,5962.0000,6074.0000,82285.0000,80723.0000,80723.0000,7561.0000,,5845.00000,15349.0000,1439873,788694,486016,6074,82285,80723,80723,7561,,5845,15349,1984-01-02,1984,41
Erste Group Bank AG,214659,02W,20211231,2021,307428.2000,39140.0000,6728.1000,47556.4000,6175.0000,177307.6000,20991.4000,3857.0000,23513.4000,17997.4000,17997.4000,1362.3000,,1775.59300,4372.0000,307428.2,99599.5,198299,3857,23513.4,17997.4,17997.4,1362.3,,1775.593,4372,1984-01-02,1984,37
Erste Group Bank AG,214659,02W,20221231,2022,323865.0000,31695.1000,4084.1000,52906.6000,7792.1000,198865.7000,18435.5000,3922.0000,25304.7000,19347.6000,19347.6000,1347.1000,,2064.24400,4224.0000,323865,96477.9,217301.2,3922,25304.7,19347.6,19347.6,1347.1,,2064.244,4224,1984-01-02,1984,38
Erste Group Bank AG,214659,02W,20231231,2023,337155.0000,31509.0000,5421.0000,55955.0000,8686.0000,204211.0000,21432.0000,4017.0000,28501.0000,21648.0000,21648.0000,1313.0000,,2898.93300,4786.0000,337155,101571,225643,4017,28501,21648,21648,1313,,2898.933,4786,1984-01-02,1984,39
Erste Group Bank AG,214659,02W,20241231,2024,353736.0000,20456.0000,5156.0000,65426.0000,11141.0000,214282.0000,26972.0000,4080.0000,30768.0000,23135.0000,23135.0000,1382.0000,,2992.40700,5687.0000,353736,102179,241254,4080,30768,23135,23135,1382,,2992.407,5687,1984-01-02,1984,40
Erste Group Bank AG,214659,02W,20251231,2025,368574.0000,21007.0000,6814.0000,71669.0000,9296.0000,227515.0000,20827.0000,3954.0000,34664.0000,26297.0000,26297.0000,1413.0000,,3371.43600,5745.0000,368574,108786,248342,3954,34664,26297,26297,1413,,3371.436,5745,1984-01-02,1984,41
HSBC Holdings PLC,015509,02W,20211231,2021,2957939.0000,429225.0000,332447.0000,534349.0000,435037.0000,990109.0000,83136.0000,11434.0000,206777.0000,198250.0000,198250.0000,20622.0000,,12607.00000,19071.0000,2957939,1731058,1073245,11434,206777,198250,198250,20622,,12607,19071,1984-01-02,1984,37
HSBC Holdings PLC,015509,02W,20221231,2022,2966530.0000,347294.0000,391272.0000,512573.0000,489283.0000,852559.0000,104882.0000,11522.0000,196028.0000,187484.0000,187484.0000,21321.0000,,14822.00000,19634.0000,2966530,1740422,957441,11522,196028,187484,187484,21321,,14822,19634,1984-01-02,1984,38
HSBC Holdings PLC,015509,02W,20231231,2023,3038677.0000,307030.0000,387650.0000,589564.0000,508164.0000,855573.0000,119244.0000,11089.0000,192610.0000,185329.0000,185329.0000,12487.0000,,22432.00000,19354.0000,3038677,1792408,974817,11089,192610,185329,185329,12487,,22432,19354,1984-01-02,1984,39
HSBC Holdings PLC,015509,02W,20241231,2024,3017048.0000,287077.0000,379260.0000,644157.0000,573727.0000,860855.0000,102039.0000,9728.0000,192273.0000,184973.0000,184973.0000,12384.0000,,22917.00000,22705.0000,3017048,1884221,962894,9728,192273,184973,184973,12384,,22917,22705,1984-01-02,1984,40
HSBC Holdings PLC,015509,02W,20251231,2025,3233034.0000,250663.0000,441147.0000,736168.0000,593613.0000,913995.0000,108462.0000,10699.0000,205666.0000,198225.0000,198225.0000,13107.0000,,21102.00000,24722.0000,3233034,2021591,1022457,10699,205666,198225,198225,13107,,21102,24722,1984-01-02,1984,41
ING Groep NV,015617,04W,20211231,2021,951290.0000,9831.0000,152790.0000,85772.0000,47289.0000,619256.0000,23592.0000,5296.0000,54655.0000,53919.0000,53919.0000,1156.0000,,4776.00000,12073.0000,951290,295682,642848,5296,54655,53919,53919,1156,,4776,12073,1984-01-02,1984,37
ING Groep NV,015617,04W,20221231,2022,976834.0000,15629.0000,140124.0000,86246.0000,54420.0000,629639.0000,35104.0000,6021.0000,57004.0000,56500.0000,56500.0000,1102.0000,,12126.00000,11725.0000,976834,296419,664743,6021,57004,56500,56500,1102,,12126,11725,1984-01-02,1984,38
ING Groep NV,015617,04W,20231231,2023,980299.0000,9518.0000,146976.0000,94962.0000,59632.0000,638883.0000,16709.0000,5651.0000,55628.0000,54684.0000,54684.0000,1198.0000,,4140.00000,11685.0000,980299,311088,655592,5651,55628,54684,54684,1198,,4140,11685,1984-01-02,1984,39
ING Groep NV,015617,04W,20241231,2024,1023856.0000,6627.0000,122632.0000,102397.0000,81393.0000,675158.0000,21770.0000,5855.0000,53698.0000,52703.0000,52703.0000,1334.0000,,5334.00000,13313.0000,1023856,313049,696928,5855,53698,52703,52703,1334,,5334,13313,1984-01-02,1984,40
ING Groep NV,015617,04W,20251231,2025,1060329.0000,10080.0000,102784.0000,113938.0000,81963.0000,715543.0000,21204.0000,5912.0000,55338.0000,54083.0000,54083.0000,1510.0000,,8324.00000,12998.0000,1060329,308765,736747,5912,55338,54083,54083,1510,,8324,12998,1984-01-02,1984,41
Intesa Sanpaolo SpA,016348,03W,20211231,2021,1069003.0000,14756.0000,159140.0000,277869.0000,50623.0000,472411.0000,37055.0000,10649.0000,64066.0000,63775.0000,63775.0000,9342.0000,,4185.00000,15249.0000,1069003,502388,509466,10649,64066,63775,63775,9342,,4185,15249,1984-01-02,1984,37
Intesa Sanpaolo SpA,016348,03W,20221231,2022,975683.0000,112924.0000,32804.0000,224821.0000,43747.0000,469537.0000,27457.0000,7764.0000,61821.0000,61655.0000,61655.0000,9830.0000,,4354.00000,10642.0000,975683,414296,496994,7764,61821,61655,61655,9830,,4354,10642,1984-01-02,1984,38
Intesa Sanpaolo SpA,016348,03W,20231231,2023,963570.0000,89270.0000,37238.0000,246723.0000,39474.0000,447981.0000,34103.0000,7392.0000,64127.0000,63963.0000,63963.0000,9524.0000,,7724.00000,9896.0000,963570,412705,482084,7392,64127,63963,63963,9524,,7724,9896,1984-01-02,1984,39
Intesa Sanpaolo SpA,016348,03W,20241231,2024,933285.0000,40533.0000,43765.0000,259841.0000,44342.0000,435056.0000,39707.0000,7155.0000,65321.0000,65176.0000,65176.0000,9860.0000,,8666.00000,,933285,388481,474763,7155,65321,65176,65176,9860,,8666,,1984-01-02,1984,40
Intesa Sanpaolo SpA,016348,03W,20251231,2025,959887.0000,37868.0000,22003.0000,230580.0000,161418.0000,361408.0000,41622.0000,5625.0000,65378.0000,65226.0000,65226.0000,,,9321.00000,,959887,451869,403030,5625,65378,65226,65226,,,9321,,1984-01-02,1984,41
KBC Group NV,015703,01W,20211231,2021,340346.0000,43799.0000,24978.0000,65279.0000,9256.0000,131160.0000,32780.0000,2573.0000,23077.0000,23077.0000,23077.0000,1749.0000,,2564.00000,5458.0000,340346,143312,163940,2573,23077,23077,23077,1749,,2564,5458,1984-01-02,1984,37
KBC Group NV,015703,01W,20221231,2022,355872.0000,52664.0000,20186.0000,66986.0000,5316.0000,156172.0000,24258.0000,2619.0000,20807.0000,20807.0000,20807.0000,2331.0000,,2693.00000,4354.0000,355872,145152,180430,2619,20807,20807,20807,2331,,2693,4354,1984-01-02,1984,38
KBC Group NV,015703,01W,20231231,2023,346921.0000,34752.0000,25501.0000,71183.0000,7056.0000,182555.0000,2779.0000,2474.0000,24260.0000,24260.0000,24260.0000,2355.0000,,3338.00000,4224.0000,346921,138492,185334,2474,24260,24260,24260,2355,,3338,4224,1984-01-02,1984,39
KBC Group NV,015703,01W,20241231,2024,373048.0000,47059.0000,21083.0000,75570.0000,9791.0000,190900.0000,2438.0000,2448.0000,24311.0000,24311.0000,24311.0000,2475.0000,,3331.00000,4174.0000,373048,153503,193338,2448,24311,24311,24311,2475,,3331,4174,1984-01-02,1984,40
KBC Group NV,015703,01W,20251231,2025,397372.0000,34060.0000,33083.0000,81894.0000,10738.0000,207189.0000,3059.0000,2492.0000,27985.0000,27904.0000,27904.0000,2699.0000,,3451.00000,4097.0000,397372,159775,210248,2492,27985,27904,27904,2699,,3451,4097,1984-01-02,1984,41
Landesbank Baden-Wurttemberg,024579,,20211231,2021,282344.0000,189.0000,56282.0000,31956.0000,32921.0000,103981.0000,46468.0000,1320.0000,14214.0000,14163.0000,14163.0000,137.0000,,,1002.0000,282344,121348,150449,1320,14214,14163,14163,137,,,1002,,,
Landesbank Baden-Wurttemberg,024579,,20221231,2022,324174.0000,165.0000,29139.0000,35430.0000,33510.0000,132399.0000,81283.0000,1433.0000,15453.0000,15414.0000,15414.0000,162.0000,,,1156.0000,324174,98244,213682,1433,15453,15414,15414,162,,,1156,,,
Landesbank Baden-Wurttemberg,024579,,20231231,2023,333305.0000,156.0000,36315.0000,39188.0000,29700.0000,161202.0000,54625.0000,1676.0000,16069.0000,16046.0000,16046.0000,150.0000,,,1826.0000,333305,105359,215827,1676,16069,16046,16046,150,,,1826,,,
Landesbank Baden-Wurttemberg,024579,,20241231,2024,356355.0000,163.0000,39797.0000,40861.0000,32996.0000,174268.0000,56412.0000,1972.0000,16731.0000,16716.0000,16716.0000,155.0000,,,2548.0000,356355,113817,230680,1972,16731,16716,16716,155,,,2548,,,
Lloyds Banking Group PLC,015929,01W,20211231,2021,886525.0000,76379.0000,66043.0000,199069.0000,58428.0000,443615.0000,7001.0000,3820.0000,53152.0000,52917.0000,52917.0000,6516.0000,,5355.00000,6443.0000,886525,399919,450616,3820,53152,52917,52917,6516,,5355,6443,1984-01-02,1984,37
Lloyds Banking Group PLC,015929,01W,20221231,2022,877829.0000,95829.0000,54109.0000,179250.0000,52059.0000,448347.0000,10632.0000,4533.0000,47521.0000,47277.0000,47277.0000,7441.0000,,5021.00000,7640.0000,877829,381247,458979,4533,47521,47277,47277,7441,,5021,7640,1984-01-02,1984,38
Lloyds Banking Group PLC,015929,01W,20231231,2023,881453.0000,76180.0000,48205.0000,204114.0000,57003.0000,449745.0000,10764.0000,3725.0000,47365.0000,47164.0000,47164.0000,8152.0000,,4933.00000,7147.0000,881453,385502,460509,3725,47365,47164,47164,8152,,4933,7147,1984-01-02,1984,39
Lloyds Banking Group PLC,015929,01W,20241231,2024,906697.0000,62684.0000,78630.0000,215827.0000,40264.0000,459857.0000,7900.0000,3192.0000,45888.0000,45716.0000,45716.0000,8051.0000,,3923.00000,6716.0000,906697,397405,467757,3192,45888,45716,45716,8051,,3923,6716,1984-01-02,1984,40
Lloyds Banking Group PLC,015929,01W,20251231,2025,944072.0000,56624.0000,79040.0000,246916.0000,35514.0000,481463.0000,7236.0000,3012.0000,47867.0000,47668.0000,47668.0000,8471.0000,,4196.00000,6526.0000,944072,418094,488699,3012,47867,47668,47668,8471,,4196,6526,1984-01-02,1984,41
NatWest Group PLC,015634,02W,20211231,2021,781992.0000,186353.0000,51246.0000,46129.0000,137418.0000,327043.0000,7682.0000,3806.0000,41803.0000,41796.0000,41795.0000,6723.0000,1.0000,2674.00000,5022.0000,781992,421146,334725,3806,41803,41796,41795,6723,1,2674,5022,1984-01-02,1984,37
NatWest Group PLC,015634,02W,20221231,2022,720053.0000,153490.0000,46523.0000,30876.0000,115034.0000,341266.0000,7139.0000,3434.0000,36496.0000,36488.0000,36488.0000,7116.0000,,3602.00000,5096.0000,720053,345923,348405,3434,36496,36488,36488,7116,,3602,5096,1984-01-02,1984,38
NatWest Group PLC,015634,02W,20231231,2023,692673.0000,114258.0000,55377.0000,50963.0000,91910.0000,348744.0000,6914.0000,3645.0000,37188.0000,37157.0000,37156.5000,7614.0000,0.5000,4506.00000,5563.0000,692673,312508,355658,3645,37188,37157,37156.5,7614,0.5,4506,5563,1984-01-02,1984,39
NatWest Group PLC,015634,02W,20241231,2024,707985.0000,101090.0000,65728.0000,63243.0000,93310.0000,360515.0000,6030.0000,3425.0000,39378.0000,39350.0000,39349.5000,7588.0000,0.5000,4438.00000,5930.0000,707985,323371,366545,3425,39378,39350,39349.5,7588,0.5,4438,5930,1984-01-02,1984,40
NatWest Group PLC,015634,02W,20251231,2025,714553.0000,92686.0000,63220.0000,79139.0000,74967.0000,381147.0000,6958.0000,3585.0000,42613.0000,42599.0000,42598.5000,7292.0000,0.5000,5479.00000,4683.0000,714553,310012,388105,3585,42613,42599,42598.5,7292,0.5,5479,4683,1984-01-02,1984,41
Nationwide Building Society,030515,01W,20220331,2021,272354.0000,30824.0000,1860.0000,25467.0000,2297.0000,207463.0000,1192.0000,746.0000,15699.0000,15699.0000,15699.0000,913.0000,,1252.00000,1691.0000,272354,60448,208655,746,15699,15699,15699,913,,1252,1691,2013-12-09,2013,8
Nationwide Building Society,030515,01W,20230331,2022,271893.0000,25955.0000,1944.0000,27602.0000,1925.0000,210462.0000,916.0000,765.0000,16906.0000,16906.0000,16906.0000,862.0000,,1664.00000,1502.0000,271893,57426,211378,765,16906,16906,16906,862,,1664,1502,2013-12-09,2013,9
Nationwide Building Society,030515,01W,20240331,2023,271917.0000,24491.0000,1449.0000,26526.0000,2966.0000,212766.0000,1029.0000,765.0000,17686.0000,17686.0000,17686.0000,848.0000,,1300.00000,1666.0000,271917,55432,213795,765,17686,17686,17686,848,,1300,1666,2013-12-09,2013,10
Nationwide Building Society,030515,01W,20250331,2024,367877.0000,28525.0000,2768.0000,28658.0000,2710.0000,300889.0000,,1288.0000,20482.0000,19723.0000,19723.0000,1481.0000,,2304.00000,2972.0000,367877,62661,300889,1288,20482,19723,19723,1481,,2304,2972,2013-12-09,2013,11
Nordea Bank Abp,214881,01W,20211231,2021,570353.0000,48628.0000,16819.0000,150111.0000,4934.0000,327105.0000,2392.0000,2206.0000,33503.0000,33494.0000,33494.0000,3784.0000,,3805.00000,1878.0000,570353,220492,329497,2206,33503,33494,33494,3784,,3805,1878,1984-01-02,1984,37
Nordea Bank Abp,214881,01W,20221231,2022,594844.0000,62877.0000,18597.0000,151450.0000,5414.0000,326158.0000,5458.0000,1673.0000,31404.0000,31404.0000,31404.0000,4044.0000,,3576.00000,1146.0000,594844,238338,331616,1673,31404,31404,31404,4044,,3576,1146,1984-01-02,1984,38
Nordea Bank Abp,214881,01W,20231231,2023,584702.0000,51362.0000,20897.0000,160504.0000,5110.0000,323191.0000,4272.0000,1653.0000,31225.0000,31225.0000,31225.0000,3826.0000,,4908.00000,1375.0000,584702,237873,327463,1653,31225,31225,31225,3826,,4908,1375,1984-01-02,1984,39
Nordea Bank Abp,214881,01W,20241231,2024,623355.0000,47565.0000,52629.0000,186408.0000,7540.0000,303956.0000,7025.0000,1605.0000,32436.0000,32436.0000,32436.0000,3882.0000,,5033.00000,1821.0000,623355,294142,310981,1605,32436,32436,32436,3882,,5033,1821,1984-01-02,1984,40
Nordea Bank Abp,214881,01W,20251231,2025,654350.0000,39193.0000,36123.0000,206634.0000,101.0000,344761.0000,10985.0000,1374.0000,32419.0000,32419.0000,32419.0000,4088.0000,,4814.00000,1913.0000,654350,282051,355746,1374,32419,32419,32419,4088,,4814,1913,1984-01-02,1984,41
Raiffeisen Bank International AG,272817,01W,20211231,2021,192101.0000,38291.0000,404.0000,21086.0000,4326.0000,89641.0000,27808.0000,2559.0000,15475.0000,14465.0000,14465.0000,933.0000,,1194.00000,2822.0000,192101,64107,117449,2559,15475,14465,14465,933,,1194,2822,1984-01-02,1984,37
Raiffeisen Bank International AG,272817,01W,20221231,2022,207057.0000,53663.0000,61.0000,22527.0000,7031.0000,91873.0000,27075.0000,2973.0000,18764.0000,17637.0000,17637.0000,903.0000,,3082.00000,3090.0000,207057,83282,118948,2973,18764,17637,17637,903,,3082,3090,1984-01-02,1984,38
Raiffeisen Bank International AG,272817,01W,20231231,2023,198241.0000,43214.0000,66.0000,29282.0000,6532.0000,88892.0000,25254.0000,2889.0000,19850.0000,18619.0000,18619.0000,970.0000,,2277.00000,3491.0000,198241,79094,114146,2889,19850,18619,18619,970,,2277,3491,1984-01-02,1984,39
Raiffeisen Bank International AG,272817,01W,20241231,2024,199851.0000,34074.0000,1259.0000,35102.0000,6263.0000,89196.0000,28411.0000,2758.0000,20340.0000,19080.0000,19080.0000,1003.0000,,1720.00000,3837.0000,199851,76698,117607,2758,20340,19080,19080,1003,,1720,3837,1984-01-02,1984,40
Raiffeisen Bank International AG,272817,01W,20251231,2025,210265.0000,34570.0000,834.0000,43258.0000,7892.0000,95643.0000,22648.0000,2205.0000,22463.0000,21077.0000,21077.0000,1108.0000,,1253.00000,3288.0000,210265,86554,118291,2205,22463,21077,21077,1108,,1253,3288,1984-01-02,1984,41
Sberbank of Russia,221682,02W,20211231,2021,41165500.0000,2327000.0000,1936800.0000,4370800.0000,1001700.0000,25785100.0000,1532500.0000,1441000.0000,5644500.0000,5638600.0000,5635600.0000,290600.0000,3000.0000,1157900.00000,819100.0000,41165500,9636300,27317600,1441000,5644500,5638600,5635600,290600,3000,1157900,819100,1984-01-02,1984,37
Sberbank of Russia,221682,02W,20221231,2022,41871800.0000,1392500.0000,46900.0000,7481600.0000,,28105900.0000,1267500.0000,1664100.0000,5814800.0000,5814700.0000,5814700.0000,,,408700.00000,820500.0000,41871800,8921000,29373400,1664100,5814800,5814700,5814700,,,408700,820500,1984-01-02,1984,38
Sberbank of Russia,221682,02W,20231231,2023,52307200.0000,2386600.0000,77100.0000,8222100.0000,,36405100.0000,1153200.0000,1823000.0000,6584400.0000,6584000.0000,6584000.0000,,,1477900.00000,853800.0000,52307200,10685800,37558300,1823000,6584400,6584000,6584000,,,1477900,853800,1984-01-02,1984,39
Sberbank of Russia,221682,02W,20241231,2024,60855100.0000,2229800.0000,4224300.0000,5947300.0000,1403300.0000,41448400.0000,2615500.0000,2163000.0000,7173500.0000,7175700.0000,7172700.0000,530800.0000,3000.0000,1539600.00000,1158800.0000,60855100,13804700,44063900,2163000,7173500,7175700,7172700,530800,3000,1539600,1158800,1984-01-02,1984,40
Sberbank of Russia,221682,02W,20251231,2025,68814500.0000,3830000.0000,6232400.0000,4927800.0000,2219300.0000,46215700.0000,1872200.0000,2506400.0000,8346500.0000,8351600.0000,8348600.0000,724400.0000,3000.0000,1664100.00000,1661900.0000,68814500,17209500,48087900,2506400,8346500,8351600,8348600,724400,3000,1664100,1661900,1984-01-02,1984,41
Skandinaviska Enskilda Banken AB (publ),015671,01W,20211231,2021,3304230.0000,2157.0000,524848.0000,183473.0000,268760.0000,1770806.0000,64463.0000,,193228.0000,193228.0000,193228.0000,6719.0000,,25423.00000,9827.0000,3304230,979238,1835269,,193228,193228,193228,6719,,25423,9827,1984-01-02,1984,37
Skandinaviska Enskilda Banken AB (publ),015671,01W,20221231,2022,3532810.0000,2585.0000,486215.0000,168391.0000,337457.0000,1964295.0000,151197.0000,,204523.0000,204523.0000,204523.0000,6622.0000,,26989.00000,6846.0000,3532810,994648,2115492,,204523,204523,204523,6622,,26989,6846,1984-01-02,1984,38
Skandinaviska Enskilda Banken AB (publ),015671,01W,20231231,2023,3608218.0000,2331.0000,474558.0000,207439.0000,333264.0000,2130185.0000,,,221775.0000,221775.0000,221775.0000,6486.0000,,38116.00000,7588.0000,3608218,1017592,2130185,,221775,221775,221775,6486,,38116,7588,1984-01-02,1984,39
Skandinaviska Enskilda Banken AB (publ),015671,01W,20241231,2024,3759028.0000,3099.0000,521214.0000,164537.0000,410343.0000,2120023.0000,,,231148.0000,231148.0000,231148.0000,8170.0000,,35865.00000,10051.0000,3759028,1099193,2120023,,231148,231148,231148,8170,,35865,10051,1984-01-02,1984,40
Skandinaviska Enskilda Banken AB (publ),015671,01W,20251231,2025,3670681.0000,2779.0000,492735.0000,160322.0000,306223.0000,2137220.0000,,,230263.0000,230263.0000,230263.0000,7560.0000,,31063.00000,8667.0000,3670681,962059,2137220,,230263,230263,230263,7560,,31063,8667,1984-01-02,1984,41
Societe Generale SA,015784,01W,20211231,2021,1464449.0000,206966.0000,51508.0000,65688.0000,337241.0000,429144.0000,55972.0000,11016.0000,70863.0000,65067.0000,65067.0000,6474.0000,,5051.00000,16261.0000,1464449,661403,485116,11016,70863,65067,65067,6474,,5051,16261,1984-01-02,1984,37
Societe Generale SA,015784,01W,20221231,2022,1486818.0000,240415.0000,178089.0000,62016.0000,220515.0000,425545.0000,66903.0000,10673.0000,72782.0000,66451.0000,66451.0000,6663.0000,,1422.00000,15687.0000,1486818,701035,492448,10673,72782,66451,66451,6663,,1422,15687,1984-01-02,1984,38
Societe Generale SA,015784,01W,20231231,2023,1554045.0000,262846.0000,220556.0000,232214.0000,218008.0000,393465.0000,77879.0000,10093.0000,76247.0000,65975.0000,65975.0000,8511.0000,,1735.00000,15711.0000,1554045,933624,471344,10093,76247,65975,65975,8511,,1735,15711,1984-01-02,1984,39
Societe Generale SA,015784,01W,20241231,2024,1573545.0000,246178.0000,201347.0000,248225.0000,242548.0000,375078.0000,84051.0000,8471.0000,79588.0000,70256.0000,70256.0000,8479.0000,,3480.00000,14016.0000,1573545,938298,459129,8471,79588,70256,70256,8479,,3480,14016,1984-01-02,1984,40
Societe Generale SA,015784,01W,20251231,2025,1546641.0000,178297.0000,209909.0000,291173.0000,269899.0000,368358.0000,76287.0000,8443.0000,79527.0000,70144.0000,70144.0000,8251.0000,,5282.00000,13840.0000,1546641,949278,444645,8443,79527,70144,70144,8251,,5282,13840,1984-01-02,1984,41
Standard Chartered PLC,015645,01W,20211231,2021,827818.0000,90473.0000,105788.0000,163437.0000,100383.0000,265270.0000,44383.0000,5681.0000,52636.0000,52265.0000,52264.9250,5471.0000,0.0750,1905.00000,8106.8000,827818,460081,309653,5681,52636,52265,52264.925,5471,0.075,1905,8106.8,1984-01-02,1984,37
Standard Chartered PLC,015645,01W,20221231,2022,819922.0000,70783.0000,111655.0000,172448.0000,103903.0000,264613.0000,39519.0000,5486.0000,50016.0000,49666.0000,49665.9250,5869.0000,0.0750,2547.00000,7859.9000,819922,458789,304132,5486,50016,49666,49665.925,5869,0.075,2547,7859.9,1984-01-02,1984,38
Standard Chartered PLC,015645,01W,20231231,2023,822844.0000,101460.0000,114071.0000,161255.0000,115809.0000,233533.0000,44977.0000,5194.0000,50353.0000,49957.0000,49956.9250,6214.0000,0.0750,3017.00000,7244.5000,822844,492595,278510,5194,50353,49957,49956.925,6214,0.075,3017,7244.5,1984-01-02,1984,39
Standard Chartered PLC,015645,01W,20241231,2024,849688.0000,83422.0000,117646.0000,144556.0000,172794.0000,240652.0000,43593.0000,4920.0000,51284.0000,50890.0000,50889.9250,5791.0000,0.0750,3593.00000,6203.0000,849688,518418,284245,4920,51284,50890,50889.925,5791,0.075,3593,6203,1984-01-02,1984,40
Standard Chartered PLC,015645,01W,20251231,2025,919955.0000,88424.0000,120596.0000,166956.0000,176908.0000,252513.0000,43901.0000,4075.0000,54586.0000,54121.0000,54120.9250,6231.0000,0.0750,4558.00000,5964.0000,919955,552884,296414,4075,54586,54121,54120.925,6231,0.075,4558,5964,1984-01-02,1984,41
Svenska Handelsbanken AB (publ),015654,01W,20211231,2021,3346764.0000,276984.0000,40376.0000,134149.0000,45625.0000,2134918.0000,23000.0000,2444.0000,181731.0000,181706.0000,181706.0000,8302.0000,,18834.00000,7421.0000,3346764,497134,2157918,2444,181731,181706,181706,8302,,18834,7421,1984-01-02,1984,37
Svenska Handelsbanken AB (publ),015654,01W,20221231,2022,3453716.0000,461114.0000,27671.0000,165808.0000,31914.0000,2297690.0000,14015.0000,2017.0000,196030.0000,196027.0000,196027.0000,8402.0000,,21187.00000,5716.0000,3453716,686507,2311705,2017,196030,196027,196027,8402,,21187,5716,1984-01-02,1984,38
Svenska Handelsbanken AB (publ),015654,01W,20231231,2023,3537792.0000,448715.0000,54483.0000,249816.0000,32068.0000,2264781.0000,25576.0000,2002.0000,205086.0000,205078.0000,205078.0000,8567.0000,,27898.00000,7066.0000,3537792,785082,2290357,2002,205086,205078,205078,8567,,27898,7066,1984-01-02,1984,39
Svenska Handelsbanken AB (publ),015654,01W,20241231,2024,3539173.0000,515405.0000,43841.0000,220918.0000,54612.0000,2268627.0000,31469.0000,1367.0000,210028.0000,210022.0000,210022.0000,8426.0000,,27217.00000,8527.0000,3539173,834776,2300096,1367,210028,210022,210022,8426,,27217,8527,1984-01-02,1984,40
Svenska Handelsbanken AB (publ),015654,01W,20251231,2025,3387566.0000,385444.0000,54284.0000,242701.0000,31993.0000,2232191.0000,46220.0000,857.0000,199355.0000,199352.0000,199352.0000,7991.0000,,23993.00000,7192.0000,3387566,714422,2278411,857,199355,199352,199352,7991,,23993,7192,1984-01-02,1984,41
Swedbank AB (publ),024578,01W,20211231,2021,2750617.0000,360153.0000,25944.0000,551361.0000,51008.0000,1677262.0000,39504.0000,5022.0000,161696.0000,161670.0000,161670.0000,19488.0000,,20871.00000,6434.0000,2750617,988466,1716766,5022,161696,161670,161670,19488,,20871,6434,1984-01-02,1984,37
Swedbank AB (publ),024578,01W,20221231,2022,2854876.0000,365992.0000,30602.0000,504757.0000,37021.0000,1812209.0000,56589.0000,6049.0000,176093.0000,176064.0000,176064.0000,19886.0000,,21877.00000,7594.0000,2854876,938372,1868798,6049,176093,176064,176064,19886,,21877,7594,1984-01-02,1984,38
Swedbank AB (publ),024578,01W,20231231,2023,2855519.0000,252994.0000,88548.0000,585570.0000,37075.0000,1774827.0000,67534.0000,7127.0000,198790.0000,198760.0000,198760.0000,20440.0000,,34128.00000,9632.0000,2855519,964187,1842361,7127,198790,198760,198760,20440,,34128,9632,1984-01-02,1984,39
Swedbank AB (publ),024578,01W,20241231,2024,3009697.0000,325604.0000,88634.0000,665098.0000,50090.0000,1793610.0000,34068.0000,6246.0000,218902.0000,218874.0000,218874.0000,20871.0000,,34869.00000,14088.0000,3009697,1129426,1827678,6246,218902,218874,218874,20871,,34869,14088,1984-01-02,1984,40
Swedbank AB (publ),024578,01W,20251231,2025,3062782.0000,263628.0000,,698420.0000,16686.0000,1989024.0000,32015.0000,5599.0000,225826.0000,225801.0000,225801.0000,22661.0000,,32763.00000,11924.0000,3062782,978734,2021039,5599,225826,225801,225801,22661,,32763,11924,1984-01-02,1984,41
UBS Group AG,144496,09W,20211231,2021,1117182.0000,203240.0000,77319.0000,82503.0000,205566.0000,396910.0000,12072.0000,1251.0000,61002.0000,60662.0000,60662.0000,10213.0000,,7457.00000,2387.0000,1117182,568628,408982,1251,61002,60662,60662,10213,,7457,2387,1984-01-02,1984,37
UBS Group AG,144496,09W,20221231,2022,1104364.0000,179124.0000,96318.0000,102790.0000,200377.0000,385722.0000,11103.0000,1150.0000,57218.0000,56876.0000,56876.0000,10512.0000,,7630.00000,2333.0000,1104364,578609,396825,1150,57218,56876,56876,10512,,7630,2333,1984-01-02,1984,38
UBS Group AG,144496,09W,20231231,2023,1717246.0000,329377.0000,137870.0000,150216.0000,261844.0000,636970.0000,18287.0000,2310.0000,86639.0000,86108.0000,86108.0000,12929.0000,,27849.00000,5806.0000,1717246,879307,655257,2310,86639,86108,86108,12929,,27849,5806,1984-01-02,1984,39
UBS Group AG,144496,09W,20241231,2024,1565028.0000,237266.0000,118719.0000,133631.0000,273302.0000,580159.0000,16029.0000,2103.0000,85573.0000,85079.0000,85079.0000,11772.0000,,5085.00000,6044.0000,1565028,762918,596188,2103,85573,85079,85079,11772,,5085,6044,1984-01-02,1984,40
UBS Group AG,144496,09W,20251231,2025,1617427.0000,227549.0000,129621.0000,163810.0000,238225.0000,656340.0000,16855.0000,2524.0000,90484.0000,90213.0000,90213.0000,11806.0000,,7767.00000,6538.0000,1617427,759205,673195,2524,90484,90213,90213,11806,,7767,6538,1984-01-02,1984,41
UniCredit SpA,015549,01W,20211231,2021,916671.0000,107532.0000,96164.0000,87297.0000,86603.0000,448477.0000,40456.0000,13165.0000,62093.0000,61628.0000,61628.0000,2213.0000,,1506.00000,16312.0000,916671,377596,488933,13165,62093,61628,61628,2213,,1506,16312,1984-01-02,1984,37
UniCredit SpA,015549,01W,20221231,2022,857773.0000,111899.0000,64553.0000,73654.0000,62696.0000,467592.0000,38381.0000,11886.0000,63497.0000,63339.0000,63339.0000,2350.0000,,6381.00000,13048.0000,857773,312802,505973,11886,63497,63339,63339,2350,,6381,13048,1984-01-02,1984,38
UniCredit SpA,015549,01W,20231231,2023,784974.0000,61111.0000,57028.0000,83194.0000,56759.0000,441289.0000,45580.0000,10351.0000,64243.0000,64079.0000,64079.0000,2272.0000,,9332.00000,12233.0000,784974,258092,486869,10351,64243,64079,64079,2272,,9332,12233,1984-01-02,1984,39
UniCredit SpA,015549,01W,20241231,2024,784004.0000,41554.0000,61259.0000,98986.0000,56104.0000,428014.0000,58252.0000,9269.0000,62841.0000,62441.0000,62441.0000,2229.0000,,9472.00000,11601.0000,784004,257903,486266,9269,62841,62441,62441,2229,,9472,11601,1984-01-02,1984,40
UniCredit SpA,015549,01W,20251231,2025,870238.0000,38455.0000,59779.0000,143600.0000,61454.0000,456255.0000,54592.0000,8740.0000,68109.0000,67711.0000,67711.0000,2940.0000,,10709.00000,12468.0000,870238,303288,510847,8740,68109,67711,67711,2940,,10709,12468,1984-01-02,1984,41
VTB Bank PJSC,177236,02W,20211231,2021,20859300.0000,1170500.0000,1695200.0000,1419000.0000,983800.0000,11696100.0000,1225500.0000,904500.0000,2222000.0000,2184300.0000,1662900.0000,378700.0000,521400.0000,303400.00000,677500.0000,20859300,5268500,12921600,904500,2222000,2184300,1662900,378700,521400,303400,677500,1984-01-02,1984,37
VTB Bank PJSC,177236,02W,20221231,2022,24424000.0000,918700.0000,31900.0000,2938600.0000,1307400.0000,15546000.0000,765700.0000,,1531200.0000,1492000.0000,1492000.0000,472600.0000,,-619500.00000,,24424000,5196600,16311700,,1531200,1492000,1492000,472600,,-619500,,1984-01-02,1984,38
VTB Bank PJSC,177236,02W,20231231,2023,29382200.0000,1210800.0000,54200.0000,3901600.0000,987600.0000,18774800.0000,1082900.0000,,2164300.0000,2121300.0000,2121300.0000,548200.0000,,420600.00000,672600.0000,29382200,6154200,19857700,,2164300,2121300,2121300,548200,,420600,672600,1984-01-02,1984,39
VTB Bank PJSC,177236,02W,20241231,2024,36070200.0000,2018100.0000,1016700.0000,4199900.0000,885300.0000,20846000.0000,1680500.0000,1157000.0000,2689300.0000,2643700.0000,2122300.0000,654000.0000,521400.0000,497300.00000,3224100.0000,36070200,8120000,22526500,1157000,2689300,2643700,2122300,654000,521400,497300,3224100,1984-01-02,1984,40
VTB Bank PJSC,177236,02W,20251231,2025,36884300.0000,1883600.0000,1060800.0000,4987300.0000,1207800.0000,22979700.0000,,1296100.0000,2730800.0000,2683200.0000,2161800.0000,746200.0000,521400.0000,,,36884300,9139500,22979700,1296100,2730800,2683200,2161800,746200,521400,,,1984-01-02,1984,41
