document,topic_loading_0,topic_loading_1,topic_loading_2,topic_loading_3,topic_loading_4,topic_loading_5,topic_loading_6,topic_loading_7,topic_loading_8,topic_loading_9,topic_loading_10,topic_loading_11,topic_loading_12,topic_loading_13,topic_loading_14,topic_loading_15,topic_loading_16,topic_loading_17,topic_loading_18,topic_loading_19,topic_loading_20,topic_loading_21,topic_loading_22,topic_loading_23,topic_loading_24,topic_loading_25,topic_loading_26,topic_loading_27,topic_loading_28,topic_loading_29,topic_loading_30,topic_loading_31,topic_loading_32,topic_loading_33,topic_loading_35,topic_loading_36,topic_loading_38,topic_loading_39,topic_loading_40,topic_loading_41,topic_loading_42,topic_loading_43,topic_loading_44,topic_loading_45,topic_loading_46,topic_loading_47,topic_loading_48,topic_loading_49,topic_loading_50,topic_loading_51,topic_loading_52,topic_loading_53,topic_loading_54,topic_loading_55,topic_loading_56,topic_loading_57,topic_loading_58,topic_loading_59,topic_loading_60,topic_loading_61,topic_loading_62,topic_loading_63,topic_loading_64,topic_loading_65,topic_loading_66,topic_loading_67,topic_loading_68,topic_loading_69,topic_loading_70,topic_loading_71,topic_loading_72,topic_loading_73,topic_loading_74,topic_loading_75,topic_loading_76,topic_loading_77,topic_loading_78,topic_loading_79,topic_loading_80,topic_loading_81,topic_loading_82,topic_loading_83,topic_loading_84,topic_loading_85,topic_loading_86,topic_loading_87,topic_loading_88,topic_loading_89,topic_loading_90,topic_loading_91,topic_loading_92,topic_loading_93,topic_loading_95,topic_loading_96,topic_loading_97,topic_loading_98,topic_loading_99,topic_loading_100,topic_loading_101,topic_loading_103,topic_loading_104,topic_loading_105,topic_loading_106,topic_loading_107,topic_loading_108,topic_loading_109,topic_loading_110,topic_loading_111,topic_loading_112,topic_loading_113,topic_loading_114,topic_loading_117,topic_loading_119,topic_loading_121,topic_loading_122,topic_loading_123,topic_loading_124,topic_loading_125,topic_loading_127,topic_loading_128,topic_loading_129,topic_loading_130,topic_loading_131,topic_loading_132,topic_loading_133,topic_loading_134,topic_loading_136,topic_loading_137,topic_loading_139,topic_loading_141,topic_loading_143,topic_loading_145,topic_loading_147,topic_loading_148,topic_loading_149,topic_loading_150,topic_loading_151,topic_loading_153,topic_loading_154,topic_loading_156,topic_loading_157,topic_loading_158,topic_loading_160,topic_loading_161,topic_loading_162,topic_loading_164,topic_loading_165,topic_loading_166,topic_loading_168,topic_loading_169,topic_loading_170,topic_loading_172,topic_loading_177,topic_loading_179,topic_loading_184,topic_loading_187,topic_loading_191,topic_loading_193,topic_loading_196,topic_loading_198,topic_loading_199,topic_loading_200,topic_loading_202,topic_loading_203,topic_loading_206,topic_loading_212,topic_loading_226,topic_loading_229,topic_loading_234,topic_loading_250,topic_loading_261,topic_loading_281,topic_loading_289
0,7.496879590994272,39.872056955632615,15.282282574749887,3.9464520582185343,6.040447672570834,22.071312128197288,10.089218822891981,7.201192251130697,0.005598476389390254,2.5316487719470575,23.040715931207306,16.22283100839533,16.50658503063248,5.051771506400022,10.417862006862332,0.040007067510471186,13.74112400789708,0.23589975675386277,1.8849364486849678,5.849659303778434,13.675721652135799,5.854106432979199,0.04204836785424583,1.8989231288389616,1.407570914000961,0.0,1.7332445630523596,0.6748614557437458,8.013337399382356,1.685622750486097,14.06001521976708,0.927554663474782,2.7255243138328398,2.378541058382069,5.349558897067046,0.00804022144203608,0.00934468847343449,7.533333005793764,8.439998138237456,0.3484018611946301,0.9897453020430478,3.939679469954708,60.300309656718404,10.254868296244972,22.758148069061907,7.157427123438916,0.9947916355238715,2.548468498069733,0.06280561959039263,0.05766895516824866,0.48122953303292554,2.570062841100323,7.764843857465437,6.7803914299554195,0.0,5.820767809129458,0.009017545458188614,6.676704495550807,0.08640139857617006,1.9717867506187452,0.9573152791813268,0.9920646345914426,4.20671321908012,3.9670030153630167,3.592742381465414,5.3958525620689315,0.24414087597876935,1.882260810802792,5.252968722616991,8.825324120811064,3.9764520529025393,5.473775277534674,6.917192343460375,4.376128947801574,0.9972657268500434,4.587479305692281,5.917875577711583,6.066085811414342,3.9974945827263273,0.9972941441058243,0.6637201161436691,0.0,1.9204045539388794,0.0,1.7878611209472177,5.813455343964117,0.023405571317419684,3.1250974708486754,0.0,4.438921475234282,11.272083565558264,0.3332849340282643,0.3788031957376753,2.5583274860239653,2.3372089226251687,0.25297697589270884,2.30711967246037,1.4444062560533937,7.112091562166021,0.22792024115782736,4.875706546904082,0.10494651477664316,2.386789852091733,5.085321142777062,0.0,0.9698953414690181,0.06930308834127584,1.8558648700424356,0.0,0.0,0.010559918548913931,0.0,2.548142506122014,9.637866297499727,0.7076817861638347,0.7719940117617952,0.9098203399307766,0.04332224539261187,0.15863554586212048,0.9631165059668455,0.020696207412745044,6.012440972448811,1.6384039238442794,0.0,6.23945863126253,1.0299719280303463,0.9402535694150396,0.0436582686138037,0.549872353762798,0.09624650838646748,27.48205067903814,6.430023393121212,0.0,3.9141439438746906,0.8415028672223259,2.646702659482921,0.06607461804856095,0.1946872523372874,8.95163939706985,0.20289819959148356,3.983038027178574,0.0,6.0104141009199274,0.0,0.940145055832214,3.6075153496092818,1.741246376067014,2.472349315478728,2.235244822129408,6.31415698263964,0.0,0.0,1.1657626506024075,0.08402686383607448,0.05407924971045738,0.5409428353650758,1.159605323690212,2.4957028097129133,9.827660738604848,14.74678619846887,0.0,3.003189960705072,0.5964452162655618,0.9468723353644782,0.9593084620429364,1.1752741831356865,0.09153637379646305,2.148851786131821,0.03683876589305475,6.6578308523331895,6.53731475367768,8.026649562859367,1.4828821144086946
1,1829.3428213364741,711.0921563784252,676.0394383499598,657.0837681248108,286.8122641824317,513.0929096316644,280.33552324150196,374.85527003891343,301.55178812393945,347.10153646850387,237.57891997355227,211.03144063523175,305.2216745237317,216.77421870235065,286.668457104607,234.96676555667128,232.06604786394132,238.70584467634106,248.00957051154285,146.1867902430359,163.24035237117636,166.57874078213774,170.34138947018528,175.13016792952985,176.16706012504113,138.52734365143505,159.7097447613702,201.21220065494043,139.2616908971415,155.64491974675994,143.73306408791035,167.17047258362956,156.60858492031605,142.84588807679785,141.91947089723092,147.59252548394238,134.2057388369487,148.59330208503766,119.79696808495295,138.398094215501,118.91642167818874,108.00164380534558,39.12965059546208,128.09106887327508,96.27308645515133,97.38975103212759,123.86760498480699,61.537531496877776,113.25674108107583,119.94346025226021,75.7968958034027,97.35084898344752,35.44423844132844,129.71880016661623,95.6141245501993,95.5947297782076,100.22673175929602,91.66740001101806,91.35692671575175,102.36958632134606,104.72186138269517,98.56961975292451,100.37909726413224,120.1334002462832,162.4075695638042,54.24281383228156,58.39200515607012,84.31032967874852,83.31276834538996,68.57590111222189,76.5464919859307,78.58600256685466,62.38260426842716,75.3443909555192,83.23016589626992,80.27695370787487,48.81297168237455,66.76671752505236,118.62520361459175,64.54572179894815,92.69096895135122,68.84952081825898,77.80754187730435,114.00667385664029,77.0510087960829,50.004579650404615,68.3676719575726,116.02835655154931,49.06035675239674,91.93227329091435,83.42841642472331,63.06842507778288,8.176579391952954,87.39729533881369,81.671217925011,64.18049794276575,51.181531775912894,70.36133591191468,95.98913662920972,86.51505104794494,50.57740228460865,53.49526263224741,76.36821902456761,57.19652040975011,71.3168799742286,61.464839068257355,70.53403875609673,82.4810279935708,62.10240380397519,49.451763102087185,71.67908511021285,60.88025422627548,39.578791868130786,35.45322749959398,81.34969485965256,77.13023013976331,67.12608239279653,63.62011862128928,54.16018358989844,47.11332617172565,72.22174654067925,91.51525487675966,64.82684423969799,67.44767042811225,55.168521032056866,51.172422182388885,46.735923661417544,45.76694455861959,45.87625129749676,67.16406971101516,2.7608442028573212,63.57512932093855,48.141318129147294,27.224209152419295,36.46828526679668,43.425060780680106,32.07248408452626,42.34581406497955,55.33793367742286,42.92021827022635,38.36093726367703,34.32754005507516,34.74061882938356,53.0772486438582,62.600791765347935,46.02376060323746,52.47501989226292,45.66577456836466,55.98138966451704,36.764478752390566,4.766535728140547,45.622140341750416,48.88992656533173,45.719103137966826,34.94545335270448,34.95212060566216,41.48666946627138,44.849486229620084,25.863228872549,38.55131184656488,50.21604359065591,45.123594388590554,52.5201460007197,31.425519835941504,29.514849603319433,21.94818899147493,29.512200303314774,17.56862776862464,5.1087961752170905,17.925635109401714,12.20166251598165,11.879564337003167,15.71407529964054
2,58.622759700719456,35.343841741837124,4.82129996947872,3.2805536950119762,1.9970555261262257,30.50285022241568,17.1008262557257,5.44919077558454,0.0,1.971703489799697,29.27112683763268,32.65363296097426,6.831812361405724,4.8481155071671225,4.412756418416957,0.031590947583239624,17.756782902629894,2.0736959751100685,3.117151101527738,0.0,5.89863793944677,13.760064898819751,0.3791135980995993,0.9494615644194808,4.401055999104227,3.007575635040202,9.124774407407912,4.451417108157713,6.01183818465541,13.70484555811568,10.409687546604761,0.0,0.02093935471809527,5.233013937916048,2.4641778315985263,0.16694811002192528,1.188373584564749,0.07719299954387093,7.718624781587903,4.051712047022699,4.243466654529762,0.9991810135850938,46.94462944124955,1.842187889648736,9.009125009655966,19.949503866688726,1.8752819442751383,12.90743852798466,1.168121725067008,4.784048997433458,4.49556957405321,19.623909221144658,33.50127010459522,3.898397577950674,1.2704935939722268,2.3852156680306065,1.9589735764106273,4.382202489692163,0.12960209786425508,12.97325864703707,8.140910924342316,0.018440458328520797,3.1622730225844693,2.3801940660723484,0.1392925731094656,8.108192871909575,10.35733679447791,8.357622701016064,5.175117572361659,4.88921430253631,3.0099426651938805,3.4485929011939565,24.71046994138016,7.0585120245321615,0.04902721494812988,10.838909757856895,11.388901414309856,12.54041060911257,5.182317915570325,3.020970513835216,4.749131275374659,0.06605285603597322,7.111221712975554,0.0,1.7878611209472177,4.076658907297639,2.0727513591807227,4.892496120929178,44.134025501756035,13.213280195650992,4.016173581734279,0.026774650416998867,0.626950343257894,0.3279603689172035,0.7950061417283822,0.42310604828696796,2.6340895353348026,0.7355181189730748,1.6364805240312523,1.1941501956293123,2.323436734931527,10.983124488700588,0.8802464458642412,0.7829270322075267,3.9535238056880226,3.8795813658760725,0.35494833441883167,4.969084288597871,0.0,0.0,0.7083777820520581,2.134390498866531,17.90760766239219,24.351810880704004,4.510144061521133,0.14997666969959422,1.7944685605387884,1.3507302758156947,1.2469672311960662,1.0790687014475089,3.5103449962527336,3.942821171911081,1.5174671041186452,0.0,4.317401873970668,2.3202614298360835,0.4370768848024433,3.0255483979903666,2.580129404147298,0.34645905365484214,1.2862198331855337,6.100287386368832,6.150257290943941,5.01548735235009,8.380703110703896,8.624745969765094,2.038915747735116,5.857915035512649,1.7990648388276946,0.0,5.399745985309407,5.235355731738548,4.538424573638835,1.8321314309937942,0.7269288670106708,10.226131813468397,2.0508545207659874,2.067673807197382,1.3399839049907216,5.0211684552491525,55.39301985656115,3.8136931346760874,0.09537491711296321,0.293849128116057,2.137400878906437,2.2046450871559777,6.280859409305421,2.9874747426445283,3.6420277306099154,5.534115288514125,2.2277474542866074,10.770978182699142,1.1928904325311236,6.079240222097799,7.883556474201331,5.034721305144213,0.2762089438082582,6.779766204906641,6.054385091702368,5.424150068665221,3.697465066438063,5.432230847455212,3.624423033351504
3,12.814362593039366,2.720640974306621,21.081939671896055,0.9986751256967948,33.00141650526819,29.163714843743673,10.049927804188583,5.810718555653285,0.01180065398085057,2.440665412327259,13.630093921669298,39.05488486463031,22.036643380827336,1.1250646738833816,6.326394994708284,4.112818037601084,20.57023929100694,1.9952643265821843,6.5889653873206235,0.9749432172964058,0.9721354640861285,3.062571269882123,0.06646116846022324,2.4595958474123796,1.2522355137641694,0.12348584032144122,1.96903768546809,5.4343060517157875,8.973352256979638,4.172107663993538,7.725663400496383,0.0,5.28190894902473,4.0407048239609615,12.960666748048126,0.0,0.6381689672681735,8.603018654951438,4.726571108275762,0.05128110890217642,4.948726510215239,0.06650661749280828,3.1241445113427235,4.5832025632466165,17.8044408134705,17.398134301979585,0.09699609547731741,10.653175837026696,0.968396879855708,1.5619567173434854,0.9628789271364006,5.741502823264486,14.179283157593341,4.621517487419946,0.0,7.3435829243617325,5.412413331415722,3.2319954499518695,0.9657610666125539,9.798076161090602,0.0,0.0,0.9520482242318538,5.3301127674970035,0.023059405102688668,3.1645402905372375,36.23646177455919,4.861453247181238,2.9646020629089955,10.806518733105486,4.998168691645151,11.717210945146721,18.858706166707755,5.782930661603215,0.019124931766901988,3.1113419298498353,8.277036171471112,8.934567022357912,4.606573127457829,6.002560632418027,1.7735446014165985,1.0199250202916663,7.102080395918135,1.3999910019250144,2.721405603423114,4.946433908127437,1.0543534511437347,1.4176048172485807,1.2168520902189397,3.555240859161129,10.008949282803663,0.0,66.95049797026645,3.2874967862408857,2.522922955131386,1.0751497383839266,0.3854645016615888,1.837337595183103,0.768445035952499,1.3307676904567303,8.857988986335778,2.9878803972829475,2.983487315114666,1.3308465130468838,1.900634100066368,1.9906633476097693,0.0,0.0,1.2582646432362181,0.06369084446623306,1.395300340886358,1.1607497856960276,14.221698743496393,16.879744629016706,3.1926624796924097,0.0,0.9098203399307766,1.7827921993895992,7.490712018262803,6.776570702517593,0.3463577637019609,3.5794487765165375,1.168577248836558,0.0,4.187358878621758,7.000945204322699,6.7175292951877505,0.1216004222781139,1.7706056486613169,0.7303557715134632,0.897392955756846,1.469317619257402,0.024605944292209716,2.8465373763315975,0.195152304487618,9.869238273672702,2.053744881118614,4.461266332607106,2.7340299820920686,0.0,10.81666469355148,0.9608134267247335,9.709546791069986,0.10657638195069487,1.710807885965434,1.5414400447833456,2.246546699299506,0.6961055545990322,2.62401522382243,1.157807051766504,0.48031477159114727,1.5790278954115715,0.5139925187974446,0.0,0.13413771359492865,0.0,7.765125994722345,1.891687064199223,10.637760156278109,7.95558581785743,1.74298775020263,18.45468781321199,2.216413860659713,1.5569238415670044,2.341051741854055,2.6571037615569706,0.11125139207630344,6.09763429768586,1.025546108840828,4.397200661141631,5.853115087022224,4.331192011807391,0.5210375739170353
4,8.1666186615081,66.15172037161669,16.889884686616433,2.5876441808568313,14.089500194744089,30.378228255856147,8.060633123516025,1.8410425605304548,0.0,3.2790973670136743,20.432848257085503,21.360905953477726,9.944514904370191,2.9503326988323666,7.9480395185699955,4.009465929236344,18.836952806811006,0.9367526243288989,6.91284562715058,5.907966207974717,9.721354640861286,0.24580868567792952,0.0,3.149948290553248,3.829258029210112,0.0,9.77044760495847,0.0,5.667423413209676,2.3155244068643928,11.73650153120626,0.0,2.7255243138328398,3.122050004043941,12.028767641512719,0.00804022144203608,0.9558069646080517,9.200152838939676,5.5982060878536775,0.032412047385984355,0.9975227861675076,3.8703521787224804,42.710093378531774,11.528088651702761,28.385303640336947,5.696240924900139,0.3266342383470605,1.77640202896314,0.06545161807872271,0.9049116416928054,2.4069873873057266,1.7460378095947713,15.789179891432639,7.71170885001669,0.7615020002303183,3.0291568312217416,0.0,2.445445019861979,0.09369357219502723,4.8776752939826,2.085447227777431,0.9920646345914426,4.309957854949723,6.262884114117156,3.048304516155503,2.166140935175181,0.08863588441225212,2.7451183972851343,10.542111069955125,2.9364694635278497,0.9941130132256348,12.321205872589454,12.837751999754294,1.566305248454984,0.0,6.566595042373836,9.3723268025154,5.763709039290523,3.775231389404488,5.015558802046864,0.33186005807183455,0.02147438727938361,3.8522825854016727,1.3447236333804253,2.6817916814208265,1.0673763159412648,0.4006760295571891,3.235562931675989,0.0,4.868417703084946,4.068016703283286,0.3332849340282643,1.136409587213026,3.319384369519889,0.5498260981697325,0.4667466327348727,0.5733603374670595,5.678452130076407,11.865913186907823,0.6691896003952529,6.558847780925543,1.945416933447854,1.1933949260458665,8.86888713847155,1.900634100066368,0.9698953414690181,0.06930308834127584,2.4788661063641384,0.31456616080905453,0.0,2.2092422985514464,0.4235351056478953,3.1496830117197265,13.104049518749044,0.7076817861638347,0.0,0.9803748006654288,0.04332224539261187,0.853290416129312,0.040598517365494434,0.9651522805623913,5.651112063240741,4.762736391107422,0.9512224014004402,3.8259969423500637,1.8063288659369012,0.0,7.203184764663333,3.714774708733831,1.3327712408254024,54.10278276229802,10.823133935851654,1.8857546090538644,1.0370223678106054,3.6385778194997305,2.1897470667166665,0.033037309024280474,0.3683046151091719,12.06780149945644,0.20289819959148356,3.8086055382061264,0.9608134267247335,12.49017532004935,0.6200360845573344,0.0,1.6442279528283124,0.09132627173461423,2.8142728053910546,1.9535274335835884,3.2814544544036703,0.008489431581809254,0.0,0.6994575903614444,0.0,3.0017135159236177,1.2016533121728383,1.0834638438385114,5.459029471287598,7.178376344341633,10.39476673175735,0.0,7.8717685885600535,0.0,3.500069770426747,1.1808471822078537,0.19289708347029974,0.1468423558709835,1.1765868679361553,1.9988087076274177,1.5598064152885014,6.693391449697229,6.002925635093344,2.5392068970745543
5,2092.056418660422,1121.1578525206794,710.8890619821016,735.5794750583686,436.5491387020511,531.0802396784079,322.2816011876873,365.2446735518252,326.53275786318994,331.8612510037401,253.08471637404696,226.49269105219517,352.7685240522147,235.5563455546729,297.27594086236724,252.09485747496709,240.6676198009822,240.10786462156557,258.35824600779455,170.75430362706976,169.09182249510604,156.3998370420087,183.38871766096366,183.07692200975998,166.64219937744338,154.59085563725836,192.23554971688705,192.4277578330899,147.45672862886593,188.38678898855102,148.30604600760464,165.86979754672015,157.9697177676048,139.62725744153204,152.15229477582793,148.651577004438,138.0906045593303,166.06984595136947,115.67657020745128,161.5562118416997,121.09070561169014,135.2827497292378,38.35865898286286,127.54610126635143,106.29888165612238,114.25256432205228,137.47368480788745,63.179551707726745,109.75742644365911,119.50129177321055,73.50632907929814,113.30016155220626,33.00610786862617,132.6750205581268,105.27925535261066,106.40501508990315,102.42111877304681,100.57728659409067,89.33590910220167,94.51600777629343,100.93306134323622,104.55355884055017,107.04202876876602,131.09349544697187,151.44752442767015,77.2897418393519,66.67944304701781,82.35897570440781,78.94987414713043,79.75402573851366,82.51117006528452,75.36494515818482,47.448946704563014,88.51294083023134,85.27372456491814,82.50214551484746,44.22337688087948,69.8462691873156,127.55925773756732,71.08848331353123,78.20959935811086,89.5978884514556,71.87847174005653,114.79116962415647,72.62548804903862,63.205114760640896,77.14041074951267,116.67777586851005,52.72727478076676,95.24536105169918,73.51739015091373,69.00547548112134,6.716004728337631,86.66301225822126,82.85592416589114,70.48677915675968,55.79500177460829,62.43532745575446,91.70550883900033,92.75461713607298,53.155787392365625,51.26089659717781,81.42756577967907,71.4536630801962,79.62236181242523,62.33657709677133,68.11867048730944,88.66594780208503,81.63723840215805,67.1937138214196,75.71719978800128,55.92795007265661,30.666196221215028,16.009898368883956,79.79114619509842,79.55831886095066,73.94405688896087,67.22651892676537,56.28425123434147,54.223124732867056,67.05327185124143,87.68110245933384,73.41126957487786,61.74675025706089,62.59641366447757,55.34216972895826,56.56327418729558,49.59013041088438,57.84893288874726,63.28087026001329,1.8435677350548612,58.82562917630235,43.697449255030655,34.76580818711425,54.269191054933934,49.06092556125238,32.81838534201083,41.528540579417395,56.19150419621378,52.215918696826606,34.85171831757029,42.64919296213725,27.89186848975129,54.37211253556272,63.24266578282906,38.451234563792845,51.98410512833683,46.30627995862222,53.01626228658401,35.017991439024634,5.818857957375726,47.87815602389984,46.79873176029913,48.0966143201114,32.234807567558086,37.21310245987283,43.71110499603893,57.0610857889663,26.077869544582587,29.72281782508641,48.225337596528696,26.9485114398359,53.83994007147715,34.24905014419215,45.46055565742947,22.230678645094283,26.51529495001974,17.087634068564228,7.161790918208311,18.144228908893588,10.892395250577046,17.605691392704777,11.94993883723621
6,28.092528652432296,8.17826829981669,19.67591575281927,0.8617786238425342,15.083376683226252,27.95270225243571,6.050327177795888,17.028946447463397,0.11426789317500012,1.3182167989366822,9.409752354366764,40.27132173546646,3.7400310882718677,5.782336177234745,0.0,4.051140216541096,11.352317627106691,1.9206958767057865,1.3308524341453167,0.0,0.9721354640861285,3.8917821261834753,0.0,3.2407384348862633,0.43705417486351483,0.9962963331387701,0.0,0.0494975692220099,2.966231669556872,5.4085541825062595,2.664795944143504,0.9933962967814352,0.9562158669366805,1.2039916154150014,1.6632804521088134,0.0,0.0,3.443906010611129,2.176199362927337,0.06182931093774753,2.2436854356279,0.0,6.7345870127291425,2.512698150975648,7.371233626578122,7.648698997024843,1.803466005928067,17.408161437876146,0.0,2.2120752110642146,0.24061476651646277,18.29705716094369,35.021597843451055,0.0,0.0,0.9278736216396057,8.268438851415405,1.0667685609801436,0.015010681224356344,11.756690994712203,0.06356489727036571,1.055955485819176,0.0,0.0,0.0,0.09167000640281248,0.225419396297512,2.9176546133182932,0.10444167274694272,0.0,0.0,14.165165507273082,5.899554632411842,4.408413689910714,0.0,2.930857662984036,14.628386419528775,0.9948161355962066,0.0,2.991882432317473,0.9678648931209537,0.09970388127863379,4.518455373890533,1.9312088020528728,0.21045795780330612,4.2014518010932544,0.9952603866231413,0.5683841590226992,3.0557601017093234,0.2728594082404974,4.165872913883134,0.0,1.0035376753826886,2.5583274860239653,0.0,0.12648848794635442,3.5798013193161697,2.054724203300047,1.705421739672762,3.9164768631441413,25.46833277874615,1.8628409402495025,0.0,0.7829270322075267,1.355944639794975,0.9698953414690181,0.13860617668255168,0.4065749315993533,0.0,0.0,0.7083777820520581,1.830138921355605,2.144157861028861,3.300857282721896,0.0,0.0,3.708237268107931,3.138514104236025,0.7547675570859012,1.2250518812309394,0.15327678664921704,1.982517721219614,0.0,0.0,1.9032352239827954,2.8887279605850003,1.3367816899344447,0.0,0.064733282777344,0.01806280722034998,0.030322323925758916,0.9359788880394699,0.4546367318821353,3.1334693378735476,6.732022937778607,2.3611253873807896,0.9864205648432774,0.0,6.108856045684078,0.0,1.1244876703402544,0.9608134267247335,0.4462114226224443,0.0,0.9336785139575579,2.2816491836176116,0.0,3.3357424887818987,1.302351622389059,1.33391142438126,57.010364396001165,1.3349835651522641,0.23662617138896566,0.0,0.0,0.09692121366207573,0.0,0.0,0.0,3.1127309289672604,0.0,2.5206670776610065,0.0,2.279966758021695,0.2018543226547447,6.13077123311456,1.3476443765585584,2.9761646062221883,0.9994043538137088,2.8871403344975324,0.0,2.941311682977946,1.117225219603385
7,1044.4011829943472,89.87474833463122,156.06937282933347,319.4585181490081,177.34931861553326,221.44568216210658,163.3511665783329,111.9834757180775,34.48605826158652,161.82264904290906,144.48752770549905,133.773891932373,5.684909882735443,185.6793370602735,58.100333276936276,37.52550550945449,44.86868227540707,35.164299990097376,131.58356512093528,118.08213527841598,128.98738211545395,85.759336085844,112.68744622437657,92.78031980392025,62.705066643232946,117.00581565934358,134.48396651909155,128.06749982078514,47.14492156478583,51.803813422661584,62.61023566150305,60.404023726589216,134.45765595766295,53.81876513567301,86.85130099463795,76.169406811264,83.9117915281731,35.59972120685206,89.79979597546499,28.214554163438276,43.7205974644102,62.4452612874699,38.035065600035814,48.55595181209576,76.16263415601567,31.20620459380904,27.385896102944184,90.55337794172785,70.31920532995034,20.815719339719802,154.54397511767453,62.31707558013323,53.03869878687758,25.831312848834024,70.57804451606526,39.048395299373425,56.99764204374698,49.15276124844286,99.35698986095954,17.67536046141337,34.965808497860834,40.133895634408574,28.613817812722747,13.25663538808621,34.65949468524568,76.80337546395371,40.99349242776795,50.11208059747475,53.929369940705506,53.39270596748684,41.32060700928622,16.50299920713739,47.037151256350256,38.11555585047293,46.9448463385512,80.22563573622986,13.645468930410864,27.722173933205173,38.38352761823619,39.939649613533796,46.12952035439111,22.576148045431545,52.165794836852974,49.482682535744395,36.4263737020674,50.01889091304134,26.278881142304257,39.78434783344872,55.501494882155974,56.4780240781715,42.67270627036505,42.649664089558684,115.66860267826131,17.122272136759477,32.05368764399203,52.769199209190205,68.74324516661595,52.60370074570592,29.356883659325014,100.93104732783492,20.9949538345441,38.4017416935675,50.09991121236055,92.74720449766487,15.85869874579954,33.93912490153614,35.27174135141348,34.56872681763442,26.86398231606501,28.50498914464589,73.07460885581868,34.13820008734963,44.30928648845329,97.07044310548153,29.89794082926209,34.063479598933405,26.167230769497248,39.003793761841486,46.92767437719602,25.362738916113198,13.650328160814425,32.15196859578579,7.572919796747478,7.11379193181958,27.864724130119395,24.89554693918081,14.472179060328155,11.27183082577176,36.248294637646325,4.198136363777974,1.2373856631202689,17.845190382465105,33.36224618003685,38.86990804834757,26.52546986634333,21.59448041178807,63.073218663442965,22.351575466436753,14.454740894486635,44.11262402612273,10.484816317647704,21.24585013440516,8.812697228714088,8.629774931607761,18.117561545818667,33.05331936946227,11.098680950141407,26.08154832282466,24.34666944094699,29.989213349451006,0.7628394933147313,18.372315352656006,15.664332315850917,10.644057109859055,13.057140001504173,25.455504327086796,8.307449933195567,6.460467605304007,10.870606397467803,17.018110661468203,2.929814833947895,8.623797760311344,13.212227335234909,10.350271898142203,10.918651215615508,21.71213048194817,8.010665814961191,7.358943927065348,59.96426122882253,8.983905415805337,4.171100319221632,3.8667390297194313,14.772695173726458
8,16.203435700613618,58.90844498422414,18.30419552350066,4.308893119212671,10.138686597328233,49.9387396428031,15.841061529862563,6.319807752748518,0.10025092750296118,4.70562611701914,43.06817180855296,23.66636522399621,23.830976355962193,6.850059809199119,12.161858048170751,5.971276026796942,31.713810813453833,3.816987558464256,5.76357038999876,1.9498864345928115,15.62303796957091,4.967680636366662,0.8033317348103308,1.2756643962617085,1.5071814819275566,4.981481665693851,11.877685356178375,2.7918001130225307,6.0900450004433795,0.893831929905246,12.784763727677154,0.0,4.338612742881888,8.161923560624016,16.4342663007449,0.4321107905699033,0.33299562537574373,15.577654025411489,9.479156837058401,2.2742333185080437,3.9841408362413397,6.771000807459776,80.57481645556018,12.71305857940479,41.15698874354015,5.939755595445442,0.02316765272967188,2.801558469845054,0.027765283668081044,3.8647298715924343,7.671365316386772,4.949660066414206,18.667493057247363,9.888909740925538,2.8206889395028067,9.115634165803149,0.9017171821959594,13.879136364415976,0.20850631922367002,6.0357872470651355,3.8990162578428404,3.9682585383657702,3.9728607112095333,13.141874289686827,4.414729135980723,4.446100305379408,0.20191496154997687,1.182571383826193,6.310797192084618,8.792783200553073,3.9764520529025393,11.267100483134952,14.878547259258209,12.998279590408583,1.0384820129053043,7.455280318881839,49.58182449359226,12.716304211452304,9.313894464309351,9.972941441058243,3.134673522147454,0.012050144665929002,11.844427561259042,0.05602995761037662,9.920700629759768,6.001286032523381,0.7744010006737367,6.612150713541355,1.0791864663181712,4.676137045011135,6.511701597094401,0.5111629724514299,0.4051234573711707,2.5433336803080064,4.958817148255891,0.25297697589270884,2.0533742591304716,1.871107440786434,2.716492983117481,0.27651013884341674,21.714087588040474,1.0405967842108357,1.1933949260458665,4.333092632516918,4.889737384717793,1.0207680061407511,0.632160687783935,2.4788661063641384,0.0,0.0,2.812055904990474,5.15188293669636,9.303304875494467,23.98080725644121,1.7690499720462147,0.0,0.9098203399307766,0.7758174611594151,0.023233056165915183,0.0,1.9510007685375277,8.713178644897912,2.983558731165818,1.9024448028008805,7.753539633959792,7.346507987007106,0.4370768848024433,6.22707106197468,5.280320114240312,2.723758886254168,39.28913427171554,6.448826402771673,2.650811278216844,2.9885591911163765,2.005955865150386,1.9858565497370115,0.033037309024280474,2.5421856528265887,17.530279764535212,1.66351169422088,10.862587355908625,1.921626853449467,20.603047068414686,0.6200360845573344,0.5738837931229286,2.3612289198010696,1.0086145385327994,0.44542306092616,1.9535274335835884,9.020979360912753,0.0,0.0,1.4498419469216766,0.6568440178029732,3.1844390239392544,2.593110619447879,6.7006457091853475,6.692045088907501,14.16948367819737,12.272388726771565,0.07032887084478293,4.2427065155860495,9.543123460248989,3.6500071835647865,1.359260266733651,0.9998677870826185,1.0797077185758261,2.3675871161683775,4.04561705474914,11.704354052508423,19.823648720330986,2.5015369449654603,4.4690539850966715
9,2047.5967414998727,1053.687963557021,646.388008476879,688.6971971082303,397.6349816775683,450.0079639360174,280.409935477905,324.4197330098195,313.0069601870634,314.079443416453,246.100249637592,220.0323724990741,245.9491965015366,217.6573471138251,245.56046789287325,199.08969792956364,169.90253205200773,229.06125200922446,180.31686162096804,192.11611007544735,147.4643619406695,168.97867058954054,203.86878774337814,165.7456087173734,187.057630351947,172.41557043822573,190.0053367708504,194.052019014739,139.87117923627713,162.07828345596712,150.76652899125207,151.94660228128996,134.95048803057335,134.68551266686757,134.7085757267435,137.6628183615667,139.85308323702606,139.0014097883011,111.42424314258625,149.68421714176742,130.42075881291353,112.34066527623604,13.10686924610567,104.19451306630692,89.04092297932164,98.61271516229276,132.81301287816078,89.06778274635116,105.80618219584025,117.53895848938951,87.276475047478,111.00905980394266,28.09958216975979,138.24052443804692,99.08078829380266,109.98519797087405,108.95919849252618,81.86162801197966,92.21916828725331,111.13076741688616,100.14441460730367,85.598626431255,83.41123604173055,126.9003324551002,115.66440822368664,61.32984991594572,57.2019412349419,90.4394228913828,69.32247656396993,76.8550307256234,85.47570593591847,64.00760111691703,47.354734868814134,80.72154629669534,78.23723294049232,67.7989925108404,53.76754383209536,64.65612488789515,94.61786607411791,66.14696906722784,68.14312270437543,103.87404153329098,76.05424116979555,115.20431077603118,72.46394080238547,67.58794025956499,85.1840549704132,99.17147219720636,64.91199267884728,92.6954379664452,59.49374690711241,71.01531700691837,6.349739635331656,81.64235877744439,66.62747763992243,56.222193336289635,62.94187734103722,59.79312979464878,69.2416812544532,80.21213249980957,55.829524088518454,60.41198871117227,81.48300643956203,58.297191254704906,81.18448588985147,60.852763696046864,68.40935380976136,57.012045842119484,75.02777505639902,70.98027510718697,78.21471775529099,63.97580087587487,41.93290313177376,19.037359372195528,73.84247230628215,74.53665237689401,53.22768690767307,72.99586073861134,60.821120091536876,57.52105578750658,53.36243395710338,50.192774281426566,67.75116201281236,60.80373601269739,57.959194064224825,53.54166768812307,69.85999789842468,48.316892089127606,57.62266734273463,62.29130519826857,1.43895221713545,54.90021389484686,42.51557012198743,35.108280066817386,40.24313621963558,45.61533621134787,33.771768597829826,45.91348965205987,42.50555293998024,46.35657519646609,36.828859348863496,45.391548004244335,30.44439245353512,56.02441100154841,42.249004122296746,33.71375081108889,51.06890666661023,48.66413724839158,57.02133587740458,23.52163402877681,3.8256635141163424,45.15666463571453,55.529221344919804,49.68237824665609,31.984236158276953,39.717047361061034,30.67010600246109,54.462143391284975,19.177883085315067,30.874859368756685,35.78406690895441,23.537717719433097,42.26946088217581,33.70333319236865,32.35311887606648,21.6584253369638,24.928012418764446,16.925654932528218,5.101849042728174,14.169832109559021,9.298698874753558,12.548431818156416,16.430526957985073
10,27.85370817318846,8.180754717432505,4.815973396198831,0.8617786238425342,14.087073972689828,32.25625024294208,3.066231419751924,15.239152835189536,0.06558656816237603,0.8320889699449774,9.359980895590162,47.44545318119092,0.030242341161297072,4.8186134810289545,0.0,3.1045475472638167,5.979932280018691,1.950247918291557,1.3308524341453167,0.0,2.9164063922583856,3.8917821261834753,0.0,1.9449425006369128,0.0,1.9925926662775402,0.0,0.7212999395214922,1.9774877797045811,6.256823509336722,4.73043818905145,0.0,0.8375125612672853,0.10580925016328463,1.642301888520316,0.0,0.0,0.038596499771935466,5.646060034708907,0.08583159202641062,2.309734143513351,0.0,7.875158802534946,0.9075648333413272,1.3452514928947492,7.127867108962021,1.803466005928067,15.676922753159026,0.0,3.11698685275702,0.24061476651646277,19.739115805815032,41.63696293020359,0.0,0.0,0.6965035304570992,12.13062687195922,1.0761600656821453,0.0,13.490314489331862,0.07594538496470152,1.055955485819176,0.2934414103412583,0.0,0.0,2.2657485282820957,0.08404106053006172,2.815907458260119,0.1028144652733743,0.0,0.0,12.768166893119567,6.893620696209733,5.153871292557765,0.0,5.9985318544551225,16.55621642213367,0.0,0.0,2.991882432317473,0.9678648931209537,0.09970388127863379,3.5121537859716927,0.0,1.1043885182769149,0.15526914839201955,3.312586319701363,0.0,3.136219467475219,1.4273772367811808,2.496646091587767,0.0,0.7185766108100963,1.7574034909600234,0.0,0.0,2.114650494122158,1.6541869165646264,0.45992270846024097,6.19542078587553,3.296878847083972,0.27979978401456845,0.0,0.7829270322075267,1.2177925052431022,1.9397906829380362,0.848502845520215,0.4065749315993533,0.0,0.0,0.7083777820520581,0.0,4.988433488526532,5.36075062605848,0.04224665173954573,0.0,1.8196406798615532,3.138514104236025,0.0,1.926233011933691,0.017879151164598234,1.0120099183379239,0.05736140438024948,0.0,4.153499478487639,2.0082889847568346,1.3112306544073298,0.0,0.0,0.11404525476406192,0.030322323925758916,2.8036836638401144,0.9092734637642707,0.9218970517535463,0.8415028672223259,2.986062385641042,0.9864205648432774,0.0,0.6688827810787782,0.0,0.9500551813678068,0.9608134267247335,0.4462114226224443,0.0,0.7771293720078762,2.5768027985927455,0.0,3.044312442464212,0.6511758111945295,1.157807051766504,42.65580049748487,1.5790278954115715,0.0,0.0,0.0,0.5409428353650758,0.0,0.6884291480904119,0.0,1.9827567354601865,0.0,2.5938665707561457,0.0,5.319922435383956,0.0,4.626812956283008,0.9684563264995227,5.017132049721146,0.0,2.5531936607274988,0.0,3.501388690127884,0.8023414941418725
11,19.593644777245,17.217433494723682,23.505357297911235,38.52141762774983,50.01955327245466,31.62254796782632,9.890282747611481,4.87835510922546,0.0030649682805220296,4.042972104102742,9.960614072076046,38.206528022912465,18.388837327601514,2.90510397723506,3.8459224521375046,2.0604736197865647,24.488496891493792,3.9196579004724965,11.112254637285393,0.9749432172964058,0.9778851926686832,2.0925101621577387,1.208690193516965,3.4012191470521493,1.9448002858937898,2.0510297255446206,0.5746938220081118,8.838790846527477,4.962630601973715,2.2204051518549988,8.416283106973932,0.0,9.69867220709046,2.0460969193081993,8.126110832997842,0.009275065098686622,1.6088496380288626,7.745074575456413,3.9568617248706457,0.35362059880417956,1.9794906040860956,0.20838538901078638,1.0426498407424094,2.895518591031489,6.5782686019630585,3.9807192951338455,0.0,11.617371544300614,1.0543942766740657,0.11394617041273596,0.9628789271364006,9.98260502151289,12.112658564591392,4.65240567492329,0.3745303054812453,11.786424702689478,5.058799016137314,9.412578751047908,1.189056736671836,9.689578157649873,1.9526032508450042,0.06389085122773344,1.3258612867209218,3.25161164329645,0.011060159060496429,3.0695523864792307,23.435088688514433,4.178898810748867,1.057828469467627,3.2637958735922163,0.9941130132256348,4.769844133823391,29.90830727338779,1.7839632508173047,1.0450863344326855,5.295850219369758,8.175327539150624,11.246114741308219,5.026267231943325,0.9972941441058243,2.7595232129149756,0.02147438727938361,7.145689790074949,4.214207662098809,0.9731584044781835,1.0836165406056253,0.49075504118066093,0.4220745319433923,0.06768478169294571,2.7710864227490912,4.975871096536854,0.0,96.04615478355227,3.2376180060823643,4.7136371046972405,1.3281267142766355,0.19756866585611815,0.07736515232093548,1.1572599823997096,2.3970846903028877,14.31542672853627,1.0713203621320355,1.7900923890687999,0.8324850090047966,0.964420521036598,0.9698953414690181,0.44915445740638527,0.60986239739903,2.038803035641919,0.0,2.8024378828992096,1.3496942365454843,20.143313904010704,6.249294028835809,3.9173697346013348,0.012164729097099425,0.17318904713697506,1.708485397515656,6.077057803231634,2.929948035266031,0.26535394201967244,2.606175493310711,4.386116960146666,2.2352918356998215,2.5257523302669735,12.467784810352214,7.108767564901746,0.0,0.3577284913269648,1.357690141063699,0.4459782798001048,3.2346510342252124,0.8773497278505953,5.755954811845886,0.9678054145537454,2.270665444078992,1.0524951828918383,1.013896699582158,3.6485191710131817,1.3371406361108187,4.954538870143739,1.921626853449467,8.717091713610813,1.4482965646381336,2.3741008008139763,0.5903072299502674,0.3480792321844607,0.8962946046772644,1.094657866647002,2.1077850743560806,0.16277427113823106,2.4449396126438225,0.477345486955017,0.18834675446214755,3.9937660974519407,0.3004133280432096,6.417940697849234,3.8298540837247628,1.278424301937099,1.0296656198301217,1.0915088743275947,3.2164096736226924,1.0001671942147774,3.317692600348817,0.45951255999953605,3.6808333588835667,0.3677453176047213,3.0926924125120854,3.0402634233647436,3.9658332287960163,5.450352800612151,2.068368743297998,2.2135105165011244
12,510.4570776734738,126.91185651828405,66.37516670946253,243.53543091476044,285.01257098016634,162.87060029099038,111.03897561323929,59.02515498949339,125.68574830988328,91.36478110727974,50.99761527515093,103.9100335484474,67.46677181538922,54.787546660003706,66.75821445588454,72.66525059619855,23.121362396837874,30.074193650100504,70.06758939263237,47.24850155952886,41.67751735687646,51.512642722458175,21.857673163729608,28.644731544290014,24.053150794219178,15.371477826581117,72.94893375773489,31.742081438988215,14.319609021691997,15.093221640523645,28.586481859028588,15.466705038568307,33.24679517090376,44.84775473273344,49.26690627145594,40.5610234368646,1.3823377444613874,11.719059541344718,38.008009127126996,7.494667394831448,18.50862509331258,38.83013426969986,129.85455084406837,29.636551950724268,33.092338266056395,22.48560092417241,14.842112674488474,28.370304886311793,38.53792870155121,19.09241877974764,14.7446386762153,14.184281000761331,127.55905520473604,10.4678061058967,56.89216059602091,10.52224795531261,8.315648425872153,15.791036907369001,22.338749515159442,10.636013151039878,10.494912059130145,18.297553728727745,32.88678920291982,9.30913835385427,16.6871661345357,52.17384714971013,0.8957444520922223,18.02926245395411,22.386600231438216,10.997301809026514,12.923469171933252,6.692988318396069,0.14812365988475457,5.4695132779290105,8.076180244696607,19.213302365201884,12.873996939875443,16.802835958082838,24.023509542821092,13.020072661336123,17.075137237582297,3.764097250268558,17.21363712835164,27.74516696106645,24.774401437086045,12.808703589238911,30.461673050602705,9.80002206348634,20.503079850434936,18.64387055426923,30.358092708835386,34.02620203327203,0.6564214014075215,9.747037488229475,16.09220933665327,22.73865282464756,24.83735400392225,17.345092126596125,38.74632778154366,12.80482318117828,4.077511874996426,35.814122420673364,17.428837336083145,24.06840680624167,8.782284442060076,18.659534185203203,19.85105411308579,23.750222044624962,5.8386932380096415,21.131712777289405,8.78465560291476,13.821506597531283,5.2390589517088335,61.08755014273445,9.194009209802951,11.831582869845352,4.157469384756842,11.548139057037817,3.8284275150585985,5.339453280362415,6.572641784846803,15.023628552265592,17.547778321244863,3.8078063245575766,22.901532066784448,14.355234723466141,7.60668079354856,22.885299678505934,19.030223110997373,13.556192019317175,121.21604915049546,24.981610448125195,23.856096155347544,16.543675090503744,21.375901946196027,15.105313246744522,10.883663522300333,20.59622517478239,17.747726462484124,6.820501631040039,4.286266991138831,7.997854411131984,8.50733395092597,10.96686407649276,9.896920749890032,6.887411348899003,3.779631652035487,29.887804823560675,20.707903913936242,7.9015739611746625,0.0,8.804098182107756,10.132014679266627,4.211207401316969,14.01228871974322,6.966395501403296,4.107488955503689,6.617700355559874,8.852874699099015,4.548232512827809,4.586787977897495,2.863011036778156,6.063315385136234,6.127159211260764,2.144889486572243,3.551621402907013,4.415751088268184,0.059369851635191324,4.050364788044388,7.471004515693963,1.223940603601001,3.0210270044753065,3.1361523579027666
13,2093.376416052642,1074.4227808825208,638.0276169699708,707.4922086553754,390.61627305946047,438.08806794404853,272.294946540027,329.2890397560528,311.9785229055221,312.0876263355998,242.50920867562965,225.10211611062257,242.4606079837022,216.61879811576011,231.6018183206416,187.45599228520913,169.75370872371334,230.27351850809887,184.49219827526895,208.45596917035016,157.38529925999842,160.6084028008518,204.9812899729438,180.2418061122815,230.463521047175,164.37699726366046,166.2295866809675,199.60438546950385,154.73630660616573,159.87739353539033,145.57489515200737,151.81057752083117,138.37545836535827,126.5387604794873,130.36371955083618,142.83662516942016,154.6067227323106,154.7655514364748,122.02942113997807,138.63111911510813,129.5079604299982,116.44879794383024,14.005254378691959,107.72083685891927,90.10426730130386,120.26784947515424,124.34025249499074,112.67424976786057,103.45875793081396,119.1888296700702,91.22351597260273,110.710668096494,31.410232656375545,137.77255652594934,103.70566507414378,123.09289651905993,104.42317179808524,81.66438629485414,99.69948596166968,109.43625686699815,103.9122500846254,91.5193703084447,89.10407028325425,119.39532260402473,115.23538189336328,59.67016423355818,84.5238232696055,92.45549023862318,71.381090816207,81.67148319046692,85.41295827174825,79.83106300387037,50.306806967895255,84.18123901451072,76.24270148679223,63.63913165437754,62.683856621961766,68.1017628119467,100.90123539807688,69.09193991507787,72.00292031220462,97.664018954486,75.80686435976877,114.08257286352645,77.40793836483176,87.79509594272272,106.1353205393002,92.32169035861308,66.93466768209063,98.2508251720985,69.65156026277094,73.38972672867399,5.725727756980664,80.9782443957184,75.24624588748222,63.43716656728446,59.48408441040305,64.69884539086915,67.44807878389767,82.43416980256698,71.59861942387464,69.56058314271819,81.906277482302,62.29465860127003,47.4446218225564,57.40112757377943,63.64627710049177,52.864449438624014,65.77458375986367,75.68273100409878,89.7164238557566,63.75866030657617,33.546342334748594,47.37883354044585,81.12038096537198,80.79299561771566,56.33051612938457,73.73707570741104,58.34903192197441,59.40669028207478,53.95422885249245,48.78914526434759,68.68877491087586,62.300564068978716,59.982021538444556,49.94327954504856,63.9322171935151,51.21726267513365,61.39684142910494,55.65496973519624,1.43895221713545,54.24270195853011,45.245398602299616,43.54538096861821,53.306065968739745,45.63138775495896,37.750488166227214,45.87351473455601,44.19940679787607,45.11812799600445,40.505212617743275,51.28351452345698,42.580025599744275,56.255848396207206,41.40361216539049,32.39418961153059,52.513646169000225,46.796652491272425,54.83176841954083,28.688833438321293,4.034163502323866,43.27998699941356,53.64114521536188,50.98125250112511,24.995145487736057,44.94703076174354,31.40381589021326,52.06453810150392,19.24347086966037,25.91812176369458,39.600622595150405,30.14837715266552,46.12774135998345,36.40646804056896,31.376728377240582,23.164234804941543,26.302044277009504,19.632523563487872,6.105081502240305,15.502993946867123,10.52078779360712,15.352874721797992,14.814273499447548
14,32.4238897520108,29.001581293518612,16.374309547076024,1.7235572476850685,1.9970555261262257,36.4131552719581,12.973525101123924,20.48159871886975,1.0167217798304018,3.742437911481374,22.603122926568766,24.216878033147523,8.146136762783735,3.9140553950381576,1.8662153666782508,1.1567835817263792,3.54346430078155,1.9648185934532019,1.5681364742902237,4.013610323796776,1.0303702935536,11.7197608942668,0.0,4.099409854972729,1.3564930712719854,2.9888889994163104,0.8050807437930715,0.7202633073517911,3.3645702052863276,2.1024178225587944,9.767251211817113,0.0,1.367829063766889,1.075953084735742,3.4533910753418233,0.0,0.00934468847343449,0.7340398261234891,5.464607903823318,1.003188031795567,6.251883990880859,0.0,66.93211156392663,2.4075379542335327,15.496798289578377,8.466163443316013,0.015395115994393152,10.991058324836919,0.0,4.524558208464027,1.2034936936528633,20.82774702475104,39.53363793900872,0.08643284274463864,0.277590988419767,2.562225064808107,5.446280395380014,4.312316636859396,0.12960209786425508,2.0039010822056698,3.8990162578428404,0.9920646345914426,1.0003259436160703,1.3075316901853418,0.18690182335320887,15.73815506240919,31.495382950685666,10.882012501107091,3.170230993455744,5.856388703587281,0.9941130132256348,15.385084673708844,11.862931948620144,4.060441535861645,4.008187839167076,32.5857467005673,23.18769394674862,5.021752050216934,5.198738864839717,3.989176576423297,0.0,0.0,9.180773000803928,0.0,2.6817916814208265,2.0473347334505165,0.3931186995676014,4.4965909436384415,5.704059937039247,3.069800005419335,1.729238935003668,0.0,0.4999962990622912,0.0,0.0,2.8459837513127164,1.1273750148328239,1.6541869165646264,0.0,0.981227474127228,0.8000305018872423,1.2380798015900245,4.593897782768049,3.5952500156237988,0.8165298366331684,1.0207680061407511,0.13860617668255168,1.2609559579555145,0.31456616080905453,0.0,1.4014321533896918,2.7452083820334074,12.026986899029465,31.516008924757184,0.0,0.0,1.8196406798615532,2.330259646010221,1.4319544838836307,6.823012576498908,1.8888967360089146,8.83897840560262,0.02883131362860259,0.5144358481674722,8.156641407420967,2.0000164265088407,3.155633450939102,0.9908197048941401,0.0,0.2284119965711858,0.33717180738110586,5.592849483774007,3.7038493332620073,15.115679415448376,0.7533559223260006,4.272470553581784,3.025336312578393,0.9328741534412649,1.3377655621575564,0.0,12.682949782113958,1.921626853449467,7.6945843085924714,1.7239250102590669,2.414696054349913,4.642878103418681,0.7235821961968505,3.935158564316532,3.642448210659466,3.8573545570911953,39.372804960448775,0.0,0.8016108990363454,0.08402686383607448,2.002276270519229,0.09692121366207573,6.0005499714664845,2.068959128603147,6.690198298112127,19.60066963971761,5.428361440769344,4.205863101506458,0.0,5.880572683455695,1.445167298070435,17.990206265173516,1.4134618948047364,11.65909577793537,8.074374837908216,14.945129674871177,3.4167393255140572,5.448797357654129,1.0804339689536426
15,21.296536376763637,11.780349233231993,33.999867184063035,19.82570271607436,53.96017679364239,45.108943578438236,10.18692460613974,5.374768206415258,0.0525486253152132,4.675371727342419,18.06749028781943,49.10254699834165,14.291356854751074,3.652020513893063,10.149978425583495,1.1483845745439878,16.269927564295195,5.826015807761944,11.770331999311564,0.022642628404873272,2.013141472365112,3.9307996858168326,0.09087284743786038,5.287657700702959,3.0087881750194647,2.0657093397578046,1.6562823022015478,10.67943436886059,7.942614009276879,0.4176491866444144,7.69955546248005,0.06584163330665313,15.240709998213248,1.9402876691449145,6.945720124399332,0.007081144536230028,0.32652133671040545,15.690327477771216,3.8548710118226355,0.0109538627765754,0.14545700811398382,0.0,1.098081698993836,12.38983173081134,10.97479284710776,2.3858960139717458,0.02518015713024609,23.461086522340807,0.029967136233657994,1.0188578121055414,0.9628789271364006,10.679280211775732,13.988721241518379,5.400289331750644,0.09253032947325567,10.079908965181302,6.764563539027929,6.691633514993505,3.4982310870167606,7.265898379191694,0.04017606875770476,2.111910971638352,0.10922137370392535,8.026261998615661,0.0,3.2269516782810097,24.06079523361238,2.8398289320692034,13.974065190571237,2.2500639880399587,1.9882260264512697,16.362653464723493,19.07011323193065,2.2567958897560034,0.047820607582641936,6.403551876169991,10.939374484927606,7.587335411707976,2.801357596656795,5.983764864634946,2.7450736548047856,0.9777721115734939,7.343584906052465,3.845073603927275,1.7878611209472177,0.9741002551431476,1.521702921006976,1.4242392609930148,2.9109329804612583,1.8769574412158823,3.28699305782017,0.0,97.6810187139905,6.458610530459158,3.0880528124122217,0.9697776450019429,1.1345521659431563,0.0,1.42476182510081,11.477819824847868,26.126094647353288,2.167973193716196,0.07176501956257597,2.5717300540666175,3.0173102266582528,3.0114313537505204,0.1436442530569175,1.2328636337207328,0.31456616080905453,0.0,0.0,1.9454460480170743,18.054356988880894,6.061175043210878,6.009477709567065,0.0,0.9098203399307766,1.4979529630671187,4.8669605759914925,2.8893495179005364,0.3492315189403895,3.3549762371168916,3.652078871284819,3.0971894070472983,5.073662732873387,11.517224347943534,5.872673139239883,0.11379166654663156,1.7644258221156643,0.017798746377594446,0.5034765705907346,2.9422094340369864,0.901955672142805,4.375831192264827,0.934688734129265,3.3582610756182056,1.0524951828918383,2.0198146722999732,5.100071592361346,1.0327933367235933,4.663424221598999,0.0,9.126695661454772,0.0,2.4879372579733103,2.131747274733613,0.31579825018342184,3.3870452449984927,1.9535274335835884,4.143380290685869,0.4057118707036779,2.416352418755925,1.1878435040305155,0.0,5.990649146177911,0.3004133280432096,3.522715100483103,4.841872552068763,4.213434089269587,2.213337679719571,0.7618024871725072,2.8205386259001863,0.7840877219846187,1.4904358855934325,0.8760355493168227,1.24011155513286,1.0797077185758261,3.138004803751527,3.0402634233647436,1.2489099932077805,7.528478235591666,2.4568921294334847,4.475126248396899
